BIN_START	TajimaD
0	-0.508896
200	-1.09133
400	-1.00983
600	0.127108
1000	-1.3051
1200	-2.51696
1400	-2.49694
1800	1.10905
2200	-0.210355
2400	-1.21828
2600	-0.906675
2800	-0.984541
3000	-0.717965
3200	0.283223
3400	-1.59307
3600	-0.142566
3800	-0.300459
4000	-0.833262
4200	-1.99453
4400	-0.707332
4600	-1.32708
4800	-0.71445
5000	-1.48108
5200	-0.585944
5400	-1.88765
5600	-0.830539
5800	-0.809086
6200	-1.23712
6400	-0.524882
6600	-1.06216
6800	0.390537
7000	-0.872789
7200	-1.8868
7400	-1.05329
7600	-0.70692
7800	0.646671
8000	1.51739
8200	2.09599
8400	-1.69622
8600	-1.55926
9800	0.0869127
10000	-1.07009
10200	-1.4265
10400	-0.162732
10600	-1.15788
10800	-1.07568
11000	-0.147836
11200	-0.90801
12400	-1.32502
12600	-0.868634
12800	-0.90801
13000	-1.43399
13200	-0.870827
13400	0.25529
13600	-0.947882
13800	-0.350209
14000	-0.293561
14400	-1.76155
14600	-0.571714
15000	-0.204046
15200	-0.894436
15400	-0.90801
15600	0.724754
15800	-0.511321
16000	-1.04551
16200	-0.808172
28800	-0.90801
29000	-1.12629
29200	-0.90801
29400	-1.63628
30000	-1.0833
30200	-1.60612
30400	-0.71787
32000	-0.753144
32200	2.58444
32400	0.682185
32600	-1.09638
32800	-0.429129
33000	-1.2035
33200	-1.12568
33400	-0.250416
33600	-0.663953
33800	-0.901862
34000	-1.2035
34200	-1.60586
34400	-0.90801
34600	-1.23323
34800	-1.65164
35000	-0.91219
35200	-1.20986
35400	-1.83959
35600	-1.40618
36000	-1.31995
36200	0.0321931
36400	-0.722767
36600	-1.53502
36800	0.417103
37000	-0.803006
37200	-0.0775039
37400	0.0842327
37600	-1.04365
37800	0.152597
38000	0.10201
38200	1.37213
38400	0.0396869
38600	0.239688
38800	0.725936
39000	-0.320363
39200	0.23768
39400	-1.51753
39600	-0.705105
39800	-0.350086
40000	-0.270755
40200	-0.692652
40400	-0.936884
40800	-1.3209
41000	-0.0919687
41200	-0.366551
41400	-0.999494
41600	-0.585146
41800	2.15674
42000	-0.0643519
42200	0.965089
42400	4.34638
42600	0.481511
42800	1.03281
43000	-1.57849
43200	-1.01982
43400	-1.35005
43600	-0.173951
43800	-1.85792
44000	-0.688202
44200	-0.333207
44400	-0.0367562
44600	-1.22478
44800	1.38642
45000	0.415972
45200	-1.58946
45400	-1.47655
45600	-1.55036
45800	-0.669837
46000	-1.75767
46200	-1.94315
46400	-2.11379
46600	-1.79444
46800	-1.2035
47000	-1.55222
47200	-1.55883
47400	-1.72284
47600	-0.977073
47800	0.577411
48000	-0.414547
48200	-0.475533
48400	-1.17543
48600	-0.660395
48800	-0.958494
49000	-0.035524
49200	0.368951
49400	-0.279928
49600	2.65637
49800	-0.709289
51800	0.412982
52000	-0.526357
52200	-0.0990583
52400	0.673197
52600	-1.26872
52800	0.100003
53000	-1.22213
53200	-1.20167
53400	-0.563974
54400	-0.74505
54600	-1.3556
54800	-0.907472
55000	-0.54764
55200	-0.864148
55400	-1.19834
55600	0.100174
55800	-0.954715
56000	-0.779494
56200	-0.34095
56400	-0.614984
56600	-1.61628
56800	-0.965792
57000	-0.467085
57200	-0.852285
57400	-1.29828
57600	0.609128
57800	0.0142333
58000	-1.21555
58200	-0.150224
58400	1.84639
58600	-0.709209
58800	-0.390094
59000	-0.084262
59200	1.8414
59400	0.525712
59600	0.822812
59800	-0.105007
60000	-1.69228
60200	0.604258
60400	-1.33329
60600	-0.881874
60800	-0.790219
61000	-2.05888
61400	-1.02318
61600	-1.28243
61800	-2.21838
62000	1.60077
62200	-0.667835
62400	-0.92757
62600	0.0138167
62800	-1.59183
63000	-0.959366
63200	-1.21624
63400	-1.81034
63600	-1.48588
63800	-0.991555
64000	-1.44896
64200	-1.75042
64400	-1.80859
64600	-1.13835
64800	-0.950063
65000	-1.42446
65200	-1.67033
65400	-0.666124
65600	-2.09648
65800	-1.58271
66000	-1.3079
66200	-1.63432
66400	-1.71531
66600	-1.30071
66800	-1.14657
67000	-0.947814
67200	-0.0832494
67400	-0.910057
67600	-0.436318
67800	-1.50815
68200	-1.42023
68400	-1.02592
68600	-1.27897
68800	-1.80248
69000	-1.32623
69200	-1.23699
69400	-1.27254
69600	-1.57655
69800	-1.67747
70000	-1.18638
70200	-0.361406
70400	-1.81879
70600	-0.867757
70800	-1.35091
71000	-1.22623
71200	-1.57929
71400	-0.279976
71600	-1.23521
71800	-0.636614
72000	-0.333194
72200	-1.73893
72400	-1.67798
72600	-1.22958
72800	-1.2456
73200	-0.281574
73400	-1.38952
73600	-0.984343
73800	-1.59307
74000	-1.01984
74200	-1.2035
74400	-1.38599
74600	-1.21017
74800	-0.791826
75000	-1.57814
75200	-1.53503
75400	-1.15152
75600	-1.01264
75800	-1.39334
76000	-1.95694
76200	-1.57737
76400	-0.213772
76600	-1.22958
76800	-1.44974
77000	-1.4853
77200	0.154124
77400	-1.33243
77600	-0.90801
77800	-0.831234
78000	-0.528184
78200	-0.559619
78400	-0.410549
78600	-1.22958
78800	-1.7169
79000	-1.224
79200	-0.881659
79400	-0.562287
85000	-1.2035
85200	-0.999672
85400	1.19891
85600	-1.62191
86000	-0.542566
86400	-0.331909
86600	-0.460024
86800	-1.45305
87000	-1.73396
87200	-1.70945
87400	-0.910992
87600	0.0442252
87800	-0.102225
88000	-1.01683
88200	0.529476
88400	-0.396021
88600	-1.525
88800	-0.319156
89000	-1.47485
89200	-1.51744
89400	-1.30874
89600	-0.926413
89800	-1.2698
90000	-0.670719
90200	-1.68373
90400	-0.854456
90600	-2.09693
90800	-2.16738
91000	-1.54636
91200	-1.24173
91400	-1.30686
91600	-1.38599
91800	-0.609558
92000	0.659586
92200	-0.503274
92400	0.373787
92600	-0.612653
92800	-1.39692
93000	-0.566023
93200	-0.761373
93400	-1.12124
93600	-0.608682
93800	0.0755145
94000	-1.509
94200	-1.91067
94400	-0.494308
94600	-0.838951
94800	-1.93881
95000	-1.72027
95200	2.04499
95400	-0.745082
95600	0.270034
95800	-0.81281
96000	-0.354086
96200	-0.626148
96400	-0.653038
96600	-1.83147
96800	-0.961597
97000	0.554485
97200	-1.69575
97400	-1.89992
97600	-1.15836
97800	-0.793225
98000	-0.776197
98200	-1.61842
98400	-0.8139
98600	-1.01709
98800	-0.691769
99000	-0.270548
99200	-0.238726
99400	-0.094925
99600	0.344331
99800	-0.744105
100000	0.800098
100200	-0.0140335
100400	-1.08904
100600	-1.10623
100800	-0.683934
101000	-0.403165
101200	2.06514
101400	-1.33364
101600	0.168904
101800	-0.756612
102000	0.0387018
102200	-0.992125
102400	-0.0882142
102600	-0.910204
102800	-1.12456
103000	-1.33604
103200	-1.63408
103400	-1.81938
103600	-1.63686
103800	-0.910013
104000	-1.02127
104200	-1.44767
104400	-1.83998
104600	-1.20548
104800	-1.13971
105000	-0.564565
105200	-0.994557
105400	-0.907531
105600	-1.46033
105800	-1.97896
106000	-1.5422
106200	-1.35245
106400	-1.47944
106600	-1.44256
106800	-1.08196
107000	-1.57195
107200	-0.281073
107400	1.15381
107600	-0.786737
107800	0.655581
108000	0.0515699
108200	-0.658198
108400	-0.888369
108600	0.445866
108800	-1.95361
109000	-0.913399
109200	-0.558804
109400	-0.909199
109600	0.338887
109800	-0.906687
110000	0.776236
110200	-2.05473
110400	-0.420746
110600	-1.68074
110800	-1.16951
111000	-1.07121
111200	-1.37387
111400	-0.868646
111600	-1.34282
111800	-0.713457
112000	-1.29889
112200	-1.52461
112400	-0.488324
112600	-0.915154
112800	-1.08391
113000	-1.31039
113200	-1.38686
113400	-0.795215
113600	-1.09091
113800	-1.45742
114000	-1.4543
114200	-1.73995
114400	0.738083
114600	-1.03484
114800	-1.19979
115000	-1.38306
115200	-1.7751
115400	-0.935749
125800	-1.57263
126000	-0.454695
126200	0.994035
126400	-1.46187
126600	-0.820574
131200	-1.08013
131400	-1.70315
131600	-0.777826
131800	-1.93525
132000	-1.25593
132200	-0.842717
132400	-1.05918
132600	-0.393805
132800	-0.570474
133000	-1.23534
133200	-0.475829
133400	-1.74612
133600	-0.553726
133800	-0.541668
134000	1.09818
134200	-1.41454
134400	-0.493266
134600	-0.591573
134800	-0.73876
135000	-1.3697
135200	-1.2845
135400	-1.17059
135600	-0.870713
135800	-1.1887
136000	-2.02662
136200	-0.549647
136400	-1.71699
136600	-1.47936
136800	-1.75689
137000	-1.57611
137200	-1.39692
137400	-0.711559
137600	-0.53352
137800	-1.15757
138000	-0.828318
138200	-1.75042
138400	-2.11585
138600	-1.53467
138800	-1.06053
139000	-1.53717
139200	-0.186676
139400	-1.01734
139600	-1.68683
139800	-1.72661
140000	-0.803276
140200	-1.18462
140400	-1.84873
140600	-1.33859
140800	-0.445593
141000	-1.23049
141200	-0.892993
141400	-1.68853
141600	-1.88564
141800	-1.3329
142000	-1.6579
142200	0.0281758
142400	-0.78779
142600	-0.38408
142800	-1.93416
143000	-1.42316
143200	0.707304
143400	-1.70113
143600	-0.66075
143800	-0.783028
144000	0.343018
144200	-1.116
144400	-1.77061
144600	-1.31964
144800	-0.225388
145000	-1.25232
145200	-1.32534
145400	-1.72523
145600	-0.173786
145800	-1.60683
146000	-0.428849
146200	-0.682766
146400	-2.21848
146600	-2.13098
146800	-2.29586
147000	0.984518
147200	-0.415874
147400	1.50758
147600	-0.244196
147800	-0.783383
148000	-0.286826
148200	-1.09006
148400	-2.1738
148600	-1.19706
148800	-1.47798
149000	-0.218455
149200	-1.59246
149400	-2.26719
149600	-1.50841
149800	-0.378048
150000	-0.516428
150200	-1.33583
150400	0.835086
150600	-0.0569486
150800	-0.841832
151000	-0.454268
151200	1.11486
151400	-1.08503
151600	-1.40272
151800	-1.3937
152000	-0.289478
152200	0.064595
152400	-0.764515
152600	-0.663692
152800	0.492258
153000	-0.28047
153200	-0.325899
153400	0.0884957
153600	-1.35166
153800	-1.34211
156800	-0.277855
157000	-1.89553
157200	-1.64845
157400	-1.64056
157600	-1.96729
157800	-1.55105
158000	-0.61307
158200	-0.55718
158400	-0.02573
158600	0.0220246
158800	-0.473436
159000	0.955697
159200	-0.608434
159400	0.422671
159600	-0.816122
159800	-0.885687
160000	-0.842802
160200	-1.76063
160400	-1.60766
160600	-2.34199
160800	-2.42129
161000	-0.209841
161200	-0.477971
161400	-0.675372
161600	-0.00970303
161800	-0.54792
162000	-0.0240756
162200	-0.591765
162400	-0.979104
162600	-0.586936
162800	-0.818051
163000	1.95383
163200	-0.901773
163400	0.274777
163600	-1.89254
163800	-1.10351
164000	-2.01207
164200	-1.32937
164400	-1.30668
164600	-0.700606
164800	-0.57709
165000	0.388456
165200	-0.940418
165400	-0.963841
165600	-0.31978
165800	-0.827688
166000	-1.56502
166200	1.47244
166400	-0.340003
166600	-1.49183
166800	-1.60725
167000	-0.581422
167200	-0.853026
167400	-0.618902
167600	-1.56505
167800	-0.928156
168000	-1.2659
168200	0.21719
168400	-1.41703
168600	-1.00684
168800	-1.16599
169000	-1.09199
169200	-1.49792
169400	-1.22976
169600	1.0722
169800	-1.64108
170000	-1.63402
170200	-1.27164
170600	-1.64215
170800	0.400525
171000	-0.815927
171200	1.3855
171400	0.520628
171600	-1.31546
171800	-1.35602
172000	-0.064799
172200	-0.27801
172400	0.382253
172600	-1.26543
172800	-1.37465
173000	-1.06458
173200	-0.700395
173400	-1.49344
173600	-0.714838
173800	-1.23286
174000	-0.887177
174200	-1.88592
174400	-1.42401
174600	-1.57607
174800	-1.03279
175000	-1.42171
175200	-0.343082
175400	-0.654332
175600	-0.533201
175800	0.185154
180000	-1.69469
180200	-1.29356
180400	-1.03866
180600	-1.75327
180800	-1.16506
181000	0.057471
181200	-0.41005
181400	-1.53434
181600	-1.74277
181800	-1.75473
182000	-1.67537
182200	-0.612679
185200	-1.45855
185400	-1.15814
185600	-2.11692
185800	-1.70352
186000	-0.685189
186200	-1.77221
186400	-1.56664
186600	-1.06298
186800	-1.15316
187000	-1.81023
187200	-1.76662
187400	-1.59002
187600	-2.05566
187800	-1.40733
188000	-0.912103
188200	-0.520443
188400	-1.44504
188600	-1.17567
188800	-1.68445
189000	-1.21097
189200	-0.750582
189400	-1.64048
189600	-1.13182
189800	-0.596227
190000	-1.42424
190200	-1.20926
190400	-0.269634
190600	-1.56454
190800	-0.692882
191800	-0.90801
192000	0.289719
192200	-0.497145
192400	-0.0533932
192600	2.05684
192800	0.111098
193000	-0.00499325
193200	0.885873
193400	0.490599
193600	-0.881803
193800	-0.006013
194000	-1.6397
194200	-0.995014
194400	-1.24889
194600	-1.69351
194800	-1.91871
195000	-1.47374
195400	-0.606968
195600	-0.757118
195800	-0.022921
197400	-0.294328
197600	-0.869496
197800	-0.548211
198000	-1.06045
198200	-0.837353
198400	-0.220748
198600	-1.33539
198800	-0.580422
199000	-1.05761
199200	-1.32132
199400	-0.914452
199600	-1.42558
199800	-1.57832
200000	-1.30219
200200	-0.668277
200400	0.770393
200600	-0.81331
200800	-1.59307
201000	-0.755162
201200	-1.384
201400	-1.31176
201600	-0.90801
201800	-1.61335
202000	-0.298312
202200	-1.19802
202400	-0.79715
202600	-0.159527
202800	-0.306875
203000	-0.450109
203200	-1.69297
203400	-0.845174
203600	-0.842124
203800	-0.759306
204000	-1.81592
204200	-1.4236
204400	-1.26464
204600	-1.06859
204800	0.345634
205000	-0.951459
205200	-1.29872
205400	-1.4827
205600	-1.41505
205800	-2.00354
206200	-1.42099
206400	-2.03835
206600	-0.038099
206800	-1.67503
207000	-2.08045
207200	-0.766402
207400	-1.66886
207600	-1.75122
207800	-0.571314
208000	-1.74709
208200	-1.47161
208400	-1.18752
208600	-0.745796
208800	-1.78392
209000	-0.834802
209200	-0.678959
209400	-0.895028
209600	-0.46468
209800	-2.43168
210000	-1.81139
210200	-2.46998
210400	-1.76688
210600	-1.05063
211000	-1.4265
211200	-0.548423
211400	-1.27569
211600	-0.614244
211800	-1.47262
212000	0.419932
212200	-1.24278
212400	-0.838371
212600	-1.36593
213000	0.145218
213200	-0.915192
213400	-1.41577
213600	-0.900596
213800	-1.07152
214000	-0.714507
214200	0.638411
214400	-1.22407
214600	-1.97521
214800	-1.21392
215200	0.195333
215400	0.114283
215600	-1.77984
215800	-0.217688
216000	-0.338467
216200	-0.381843
216400	-0.559719
216600	0.861105
216800	-1.36694
217000	-2.04389
217200	-0.629038
217400	-1.28742
217600	-0.797617
217800	0.00735677
218000	-1.18086
218200	-1.2378
218400	-1.36932
218600	-0.607154
218800	-1.55855
219000	-0.180149
219200	-1.33506
219400	-1.30704
219600	0.477177
219800	0.229003
220000	0.0643188
220200	2.65186
220400	-0.124127
220600	1.56206
220800	-0.201922
221000	-0.784387
221200	-0.000766995
221400	-0.355618
221600	-0.388189
221800	1.54717
222000	-0.410571
222200	-1.55007
222400	1.80216
222600	-0.294581
222800	0.809209
223000	0.2836
223200	-1.66089
223400	-1.23209
223600	-1.09551
223800	-0.981194
224000	-0.350497
224200	-1.34724
224400	-0.965652
224600	-0.856377
224800	-0.85711
225000	-0.487859
225200	-1.19735
225400	-0.886153
225600	2.30119
225800	-0.961949
226000	-0.186599
226200	1.45399
226400	1.38404
226600	-0.36614
226800	-1.04251
227000	-1.70142
227200	0.758894
227400	0.568004
227600	-0.273246
227800	-0.608711
228000	-0.993806
228200	-1.92127
228400	-1.9955
228600	-0.715264
228800	-1.69344
229000	-1.36143
229200	0.394813
229400	-1.99371
229600	-1.4446
229800	0.318581
230000	-0.963885
230200	-2.23103
230400	-1.37222
230600	-0.638451
230800	-1.72208
231000	-1.49399
231200	-1.74273
231400	-0.602778
231600	-1.65143
231800	-0.10105
232000	-0.243308
232200	-0.835224
232400	-0.824548
232600	-1.04459
233000	0.147695
233200	-1.42581
233400	-1.54252
233600	-1.8815
233800	-1.41552
234000	-1.66419
234200	-1.08074
234400	-1.68708
234600	-1.26427
234800	-1.39124
235000	-0.0973385
235200	-1.24833
235400	-0.922586
235600	-0.267506
235800	-0.874462
236000	-1.99638
236200	0.685172
236400	-1.17759
236600	0.86567
236800	0.530972
237000	0.0679023
237200	-0.509596
237400	-0.0902665
237600	-1.0667
237800	1.27972
238000	0.196958
238200	-1.11049
238400	-1.40907
238600	-1.68983
238800	-1.68035
239000	-0.550485
239200	-0.513939
239400	0.749742
239600	0.882984
239800	-1.7211
240000	-0.506774
240200	-0.455849
240400	-1.31699
240600	-1.57724
240800	-0.870677
241000	-1.34507
241200	-1.68045
241400	-0.43889
241600	-1.46365
241800	-0.181508
242000	-1.5373
242200	-1.01715
242400	-0.600168
242600	-1.22772
242800	-1.20026
243000	-0.991407
243200	-1.33924
243400	-1.40753
243600	0.326576
243800	-0.0760095
244000	-0.786354
244200	-1.36741
244400	-0.936731
244600	-1.72198
244800	0.427759
245000	-1.24628
245200	-1.83526
245400	-0.564451
245600	0.566745
245800	-1.40632
246000	-0.535637
246200	-1.06195
246400	-1.58759
246600	-1.26395
246800	-0.512008
247000	-1.3482
247200	-1.42737
247400	-0.978642
247600	-1.44934
247800	-1.72449
248000	-1.69668
248200	-1.43805
248400	-0.703674
248600	-1.15186
248800	-0.96013
249000	-1.55926
249200	-1.586
249400	-2.01003
249600	-1.06239
249800	-1.06046
250000	0.0110293
250200	-1.69828
250400	-1.75957
250600	-1.65457
250800	-1.44365
251000	-1.6916
251200	-0.377129
251400	-0.501324
251600	-1.03469
251800	-1.37387
252000	-1.14607
252200	-1.48263
252400	-0.7514
252600	-1.37479
252800	-1.74148
253000	-1.40019
253200	-1.45794
253400	-1.21115
253600	-0.327341
253800	-0.558365
254000	0.015668
254200	-0.655605
254400	-0.139412
254600	-0.860483
254800	-0.207452
255000	-0.0808154
255200	-1.01124
255400	-1.65534
255600	-0.410049
255800	-1.17378
256000	0.16596
256200	0.233356
256400	-0.440705
256600	-1.37177
256800	-1.73729
257000	-1.44123
257600	-1.40949
257800	-1.66646
258000	-1.44696
258200	-1.6613
258400	-1.06534
258600	1.48859
258800	0.865522
259000	-0.0789497
259200	-0.720229
259400	1.60093
259600	-0.975334
259800	-1.44957
260000	0.399897
260200	-0.598867
260400	-1.40534
260600	-0.647503
260800	-1.56754
261000	-1.10187
261200	-1.00856
261400	-1.49521
261600	-0.2388
261800	-1.71617
262000	-1.71432
262200	-0.285724
262400	1.15548
262600	-1.13184
262800	-1.75807
263000	-0.603396
263200	0.289447
263400	-0.248228
263600	2.38664
263800	-1.39773
264000	0.168162
264200	-1.02703
264400	-0.475572
270800	-0.490621
271000	-1.06232
271200	-1.1572
272800	-1.61844
273000	0.269806
273200	-1.18878
273400	-0.969583
273600	0.373255
273800	-0.634578
274000	0.72425
274200	0.519991
274400	-1.12835
274600	-0.583512
274800	-1.09752
275000	-0.209525
275200	-0.0338265
275400	-1.89041
275600	-0.775235
275800	-0.869778
276000	-0.273961
276200	-0.567422
276400	-1.11289
276600	-0.982441
276800	-0.620556
277000	0.383632
279000	-2.06328
279200	-0.615376
279400	1.20923
279600	-0.798816
279800	-0.443878
280000	-0.963352
280200	-1.23231
280400	-1.53891
280600	-1.41279
280800	-1.45935
281000	-0.389662
281200	0.223334
281400	-0.659835
281600	-1.57997
281800	-1.20971
282000	-1.50601
282200	-0.59191
282400	0.555452
282600	-0.216264
282800	-1.41329
283000	-1.22641
283200	-1.91871
283400	-0.59689
283600	-0.326309
283800	-1.02114
284000	-1.10022
284200	-0.485434
284400	-1.46808
284600	-0.630684
284800	-1.29307
285000	-0.689933
285200	-1.66569
285600	-1.32462
285800	-0.141923
286000	-0.794969
286200	-0.938551
286400	-1.54837
286600	-1.353
286800	0.106802
287000	2.11579
287200	-1.12566
287400	0.0171315
287600	-0.45648
287800	-1.26906
288000	0.934052
288200	-0.565868
288400	2.23337
288600	-1.3477
288800	-0.996267
289000	-1.11864
289200	-1.50435
289400	-0.63392
289600	0.969589
289800	-0.815069
290000	-1.59689
290200	-1.69105
290400	-0.82228
290600	-0.499978
290800	-0.232707
291000	-1.74805
291200	-1.2283
291400	-1.86884
291600	-0.408091
291800	-1.69693
292000	-0.9864
292200	-0.869496
292400	0.310123
292600	-1.80601
292800	-1.05707
293000	-1.44607
294600	-0.650925
294800	-1.4466
295000	-0.71693
295200	0.534438
295400	0.169851
295600	-0.621039
295800	-0.588948
296000	-1.64343
296200	-0.124354
296400	-1.8042
296600	-2.00117
296800	-1.4537
297000	-1.68178
297200	-2.04603
297400	-1.6558
297600	1.20786
297800	0.940862
298000	-0.324678
298200	-1.83535
298400	-1.97655
298600	-0.415886
298800	-0.869496
300000	-0.869496
300200	-1.51054
300400	-0.209085
300600	-1.92467
300800	-0.186215
301000	0.344831
301200	-0.948566
301400	0.590894
301600	-1.17107
301800	-0.336772
302000	-1.67773
302200	-1.37109
302400	-1.11022
302600	-1.73927
302800	-1.36553
303000	-1.15532
303200	-1.34548
303400	1.0103
303600	-0.924376
303800	-1.8814
304000	-1.23882
304200	-1.37682
304400	-1.37998
304600	-1.16951
304800	-1.59347
305000	-0.332094
305200	-1.338
305400	0.25058
305600	-0.576269
305800	-0.592136
306000	-1.74568
306200	-0.849189
306400	-1.31953
306600	-1.36354
306800	0.386515
307000	-1.20659
307200	-0.896621
307400	-0.827246
307600	-2.00141
307800	-1.8593
308000	-1.25738
308200	-1.34688
308400	-2.06917
308600	-0.609729
308800	-0.51885
310400	-0.964083
310600	0.0957262
310800	-1.77902
311000	-0.971936
311200	-1.35716
311400	-0.39556
311600	-0.036348
311800	-0.903708
312000	-0.917926
312200	-0.961651
312400	-1.50813
312600	-1.38572
312800	-0.627817
313000	0.185496
313200	-1.43552
313600	-1.47794
313800	-0.151973
314000	0.202836
314200	-0.60724
314400	-0.254332
314600	-0.696052
314800	0.499703
315000	-1.57527
315200	-1.27623
315400	0.838673
315600	-0.609727
315800	-0.874556
316000	-1.09924
316200	0.126251
316400	-0.407619
316600	-0.158183
316800	-1.62788
317000	-0.707615
317200	-1.35237
317400	-0.166798
317600	-1.55355
317800	-0.781239
318000	-0.629084
318200	-1.7486
318400	1.41712
318600	-1.8748
318800	-0.843929
319000	-0.813469
319200	-0.316817
319400	-1.18463
319600	-0.574319
319800	-1.4585
320000	-0.085523
320200	-0.601375
320400	0.575103
320600	-1.02799
320800	-0.990092
321000	-0.114071
321200	-0.395609
321400	-0.528592
321600	-1.59307
321800	-1.49935
322000	-0.628456
322200	-0.48106
322400	-1.64553
322600	-0.50894
322800	-0.794453
323000	-1.39241
323200	-2.00465
323400	-0.817439
323600	0.317907
323800	-1.6951
324000	-1.27566
324200	-0.683869
324400	-1.61517
324600	-1.64685
324800	-1.8917
325000	-0.381415
325200	0.31801
325400	-1.07568
325600	-1.70449
325800	-0.475511
326000	-0.69628
326200	-0.666235
326400	0.226589
326600	-1.34867
326800	-0.187502
327000	-1.05468
327200	-0.340819
327400	-1.97158
327600	-0.618967
327800	-1.33174
328000	-0.786936
328200	0.101385
328400	-1.11863
328600	-1.06535
328800	-1.96891
329000	-1.76722
329200	-1.3126
329400	-1.66851
329600	0.041995
329800	-1.17458
330000	-1.14312
330200	-1.64507
330400	-1.55406
330600	-2.02012
330800	-1.29058
331000	-0.0155745
331200	-1.2387
331400	-0.2942
331600	-1.2116
331800	0.0382326
332000	-1.16061
332400	-0.459234
332600	-1.32661
332800	-0.194014
333000	-0.614598
333200	-0.0481984
333400	0.0115447
333600	0.0502708
333800	2.11736
334000	-1.05133
334200	-0.958732
334400	-1.23511
334600	-1.14561
334800	-1.49685
335000	-0.371376
335200	-0.410863
335400	-0.859456
335600	-1.61435
335800	-0.395997
336000	-1.72459
336200	-0.16936
336400	-0.999688
336600	-0.212967
336800	-1.14191
337000	-0.579263
337200	-0.526104
337400	-1.80658
337600	-1.28806
337800	-1.49417
338000	0.225259
338200	-0.717965
338400	-1.81131
338800	-1.22796
339000	-1.6391
339200	-1.47591
339400	-1.79848
339600	-0.620879
339800	-1.39526
340000	-1.10056
340200	-1.41386
340400	-2.01566
340600	-2.22288
340800	-0.550531
341000	0.137767
341200	-1.97466
341400	0.404594
341600	-1.34619
341800	-1.12933
342000	-0.185815
342200	-0.216888
342400	1.63115
342600	-0.302541
342800	-1.1778
343000	-1.57857
343200	-1.28083
343400	-1.31465
343600	-0.549005
343800	-1.35384
344000	-0.620626
344200	-0.469846
344400	-0.180587
344600	-1.56445
344800	0.1689
345000	-0.52983
345200	-1.17963
345400	-0.758602
345600	-0.774995
345800	-1.00005
346000	-0.21456
346200	-1.51379
346400	-1.00961
346600	-1.63609
346800	-0.519128
347000	-0.164858
347200	-0.533283
347400	-1.01802
347600	-0.322578
347800	-0.824951
348000	-0.952024
348200	-1.27119
348400	-1.04913
348600	-2.30302
348800	-0.75207
349000	0.541166
349200	-0.30606
349400	-1.11763
349600	-0.626086
349800	-0.549643
350000	-0.732837
350200	-0.343201
350400	-1.40993
350600	0.476674
350800	-1.38486
351000	-1.66626
351200	-0.992129
351400	-0.811439
351600	-0.679418
351800	-0.585804
352000	-0.228275
352200	0.220642
352400	-0.723099
352600	-0.223189
352800	0.328115
353000	-1.90784
353200	0.035287
353400	-1.13202
353600	-1.67902
353800	-1.40409
354000	-0.837461
354200	-0.28537
354400	-1.36637
354600	-0.134258
354800	-0.545312
355000	-0.256243
355200	-0.669096
355400	-0.994569
355600	-1.77911
355800	-1.69312
356000	-1.40373
356200	-1.79202
356400	-1.37765
356600	-1.15424
356800	-1.41531
357000	-0.827069
357200	-1.50637
357400	-1.863
357600	-0.373833
357800	-0.991112
358000	-0.486858
358200	-0.457009
358400	-0.24585
359600	-1.44696
359800	-2.16585
360000	-1.28705
364000	-0.808406
364200	0.219933
364400	-1.22317
364600	-0.266736
364800	0.608664
365000	-0.989257
365200	0.0416985
365400	-1.04104
365600	0.617605
365800	-0.0372495
366000	-0.88392
366200	-0.406005
366400	0.749561
366600	-0.129661
366800	-1.25764
367000	-0.594707
367200	-0.440817
367400	-1.62261
367600	-1.16558
367800	-0.872662
368000	-0.777512
368200	-0.773272
368400	0.355927
368600	0.45111
368800	-0.601411
369000	2.10816
369200	-1.6124
369400	-1.4915
369600	-2.13201
369800	-0.645167
370000	-1.23841
370200	-1.35488
370400	-0.62534
370600	-1.24618
371000	1.51336
371200	-0.665479
371400	-0.75814
371600	-0.401525
371800	-0.102707
372000	-1.39824
372200	-0.793495
372400	-1.52883
372600	-1.73409
372800	-1.54997
373000	-1.05251
373200	-0.673531
373400	-1.59318
373600	-1.96005
373800	-1.77029
374000	-1.03491
374200	-0.81285
374400	-0.467929
374600	-1.02217
374800	-1.53538
375000	-0.745118
375200	-0.671809
375400	-0.7284
375600	-0.831234
375800	-0.511445
376000	-1.51313
376200	-1.52755
376400	-2.02384
376600	-0.651382
376800	1.05597
377000	0.591845
377200	0.332525
377800	0.372672
378000	-0.161211
378200	-0.19795
378400	-1.17021
378600	-0.363884
378800	-0.581934
379000	-0.614589
379200	-1.84031
379400	-0.997962
379600	-1.45156
379800	-0.158741
380000	-1.58749
380200	-1.54409
381600	-0.869496
381800	-1.5222
382000	-1.32475
382200	-1.76817
382400	-1.0459
382600	-0.702677
382800	-1.76601
383000	-1.22958
383200	-0.160005
383400	-0.122055
383600	0.0745149
383800	0.76411
384000	-1.10944
384200	1.10424
384400	-0.700747
384600	-1.34832
384800	-1.58997
385000	0.157461
385200	-0.279321
385400	-0.309565
385600	-1.0119
385800	-0.307145
386000	-1.66173
386200	-1.18678
386400	-0.855018
386600	-1.42264
386800	-0.357087
387000	0.874728
387200	-0.301345
387400	-0.949385
387600	-0.119092
387800	-1.40907
388000	-1.54564
388200	-1.36599
388400	-1.49231
388600	-1.63657
388800	-0.278134
389000	0.257504
389200	-1.11093
389400	-1.16019
389600	-1.0739
389800	-1.2841
390000	-1.89087
390200	-1.38599
390400	-1.52314
390600	-0.243755
390800	0.396083
391000	-0.636625
391200	-1.3361
391400	-0.963936
391600	0.667528
391800	0.223156
392000	0.497172
392200	-1.36075
392400	-0.387411
392600	-0.695384
396600	-0.880774
396800	-0.693301
397000	-1.07599
397200	-0.696683
397400	-1.43304
397600	-1.45988
397800	-1.43905
398000	-0.893531
398200	-1.74632
398400	-0.92883
398600	-0.516639
398800	-1.07338
399000	-0.240311
399200	-1.98433
399600	-0.900152
399800	-1.70986
400000	-1.26499
400200	-1.17076
400400	-0.931922
400600	-0.966185
400800	-0.0339794
401000	-1.28334
401200	-1.24791
401400	-1.37853
401600	-0.908509
401800	-0.534465
402000	-1.56404
402200	0.623439
402400	-0.554469
402600	-1.63611
402800	-0.281075
403000	-0.963855
403200	-0.285208
403400	-0.679655
403600	-1.29554
403800	1.50904
404000	-0.843011
404200	0.0955727
404400	-1.01271
404600	-0.723573
404800	-1.25298
405000	-1.36178
405200	0.0950135
405400	-1.35048
405600	-1.61015
405800	-1.19813
406000	-1.67661
406200	-1.16419
406400	-0.728666
406600	0.285448
406800	1.06783
407000	0.464781
407200	-0.0427456
407400	1.03752
407600	0.880168
407800	-0.319178
408000	-1.28817
408200	-1.2635
408400	0.522877
408600	-0.817951
408800	-1.66565
409000	-1.91091
409200	-0.999703
409400	-1.78621
409600	-1.33548
409800	-1.85039
410000	-1.12149
410200	-1.52066
410400	-1.07638
410600	-1.20562
410800	-1.34161
411000	-1.7281
411200	-0.866175
411400	-0.165914
411600	-0.625278
411800	0.19465
412000	-0.157688
412200	-0.733151
412400	-1.25776
412600	-0.21482
412800	-0.128963
413000	-1.41744
413200	-0.691184
413400	-0.700577
413600	-1.60907
413800	0.333632
414000	-0.9408
414200	0.838482
414400	-2.01426
414600	-0.257985
414800	-0.718948
415000	-0.872991
415200	-1.22958
415400	-0.680713
415600	-1.51752
415800	-0.622287
416000	0.117205
416200	-0.586766
416400	-0.632471
416600	-0.869496
416800	-0.897532
417000	-1.06003
417200	-1.71243
417400	-0.79685
417600	-1.58034
417800	-0.721755
418000	-1.10345
418200	-1.37444
418400	-0.347262
418600	-1.50663
418800	-0.377201
419000	-1.65939
419200	-1.55232
419400	-1.38457
419600	-1.6137
419800	-2.04522
420000	-1.08902
420200	-2.36686
420400	-1.98959
420600	-1.46393
420800	-0.276803
421000	-0.931928
421200	-1.3877
421400	-1.02787
421600	-0.822008
421800	-1.06117
422000	-0.41777
422800	-0.508008
423000	-1.50151
423200	-1.22665
423400	0.517121
423600	-1.1969
424600	-0.949057
424800	-0.787108
425000	1.08668
425200	0.154317
425400	-1.11513
425600	-1.18382
426000	0.178736
426200	-1.78813
426400	-1.12956
426600	-0.87169
426800	-1.75161
427000	-1.44843
427200	-1.86816
427400	-1.73334
427600	-1.49632
427800	-0.0150096
428000	-0.791369
428200	-1.18817
428400	-1.38599
428600	-1.98965
428800	0.0885375
429000	-0.679026
429200	-1.23528
429400	-1.11567
429600	-0.391335
429800	-2.13111
430200	-2.28995
430400	-2.06341
430600	-2.43044
430800	-2.07559
431000	-1.77519
431200	-1.51807
431400	-1.4491
431600	-0.656577
431800	-1.59521
432000	-0.654713
432200	-1.31151
432400	-1.67668
432600	-0.808567
432800	0.735595
433000	-1.36833
433200	-0.797107
433400	-2.19775
433600	-0.559739
433800	-1.19896
434000	-1.14018
434200	0.0846966
434400	-1.46066
434600	0.104541
434800	-1.24945
435000	-0.998096
435200	-1.93648
435400	0.0801544
435600	-0.435927
435800	-0.80765
436000	0.524119
447200	-1.82203
447400	-0.877629
447600	0.0809879
459000	-0.890805
459200	-0.616752
459400	-1.62278
459600	-1.4265
459800	-0.739972
460000	-1.21631
460200	-1.95196
460400	-0.465975
460600	-1.07574
460800	-0.495154
461000	-0.623438
461200	-2.06859
461400	-1.01336
461600	-1.75134
461800	-0.816709
462000	0.180789
462200	0.279594
462600	-0.353203
462800	-0.415985
463000	-0.680013
463200	-1.71382
463400	-1.08657
463600	-1.05581
463800	-0.956357
464000	-1.69344
464200	-1.0964
464400	-0.868507
464600	0.823488
464800	-1.55136
465000	-1.11079
465200	-1.73283
465400	-1.7671
465600	-1.82473
465800	-1.43882
466000	-0.120373
466200	-1.34111
466400	-1.04118
466600	-1.30572
466800	-1.99113
467000	-1.06891
467200	-2.14586
467400	-1.74061
467600	-2.09354
467800	-1.08495
468000	-0.890327
468200	-0.53596
468400	-1.39545
468600	0.816799
468800	0.00975695
469000	-1.53867
469200	-1.62583
469400	-1.43097
469600	-2.4806
469800	-2.09708
470000	-1.02662
470200	-1.55926
470400	-1.16152
470600	-1.55113
470800	-1.20172
471000	-1.07532
471200	-1.50809
471400	-1.25503
471600	-0.8821
471800	-1.44359
472000	-0.82881
472200	-1.03848
472400	-2.06065
472600	-1.75189
472800	-1.77291
473000	-0.881781
473200	-0.355558
473400	-0.235252
473600	-0.579039
473800	-0.574255
474000	-1.59184
474200	-1.61753
474400	-0.687291
474600	-0.799245
474800	-1.2845
475000	-1.09614
475200	0.346089
475400	-1.00273
475600	-1.37
475800	-0.955273
476000	0.393413
476200	1.0181
476400	-0.654672
476600	0.154124
476800	-0.905123
477000	-0.961331
477200	-0.732615
477400	-0.796024
477600	-1.89344
477800	-1.87036
478000	-0.932858
478200	-0.205571
478400	-1.98949
478600	-2.15423
478800	-1.3871
479000	-0.511033
479400	-0.952115
480000	0.140322
480200	0.609697
480400	0.0204152
480600	-1.63637
480800	-1.63219
481000	-1.34458
481200	-1.30057
481400	0.743067
481600	-1.11339
481800	-0.764415
482000	-1.04665
482200	-0.898002
482400	0.128047
484400	-0.470315
484600	-1.24029
484800	-0.666649
485000	-0.96319
485200	-1.0891
485400	-0.751341
485600	-0.777586
485800	-0.287019
486000	-0.943814
486200	-0.681881
486400	0.423443
486600	-0.717024
486800	-0.181536
487000	-1.2122
487200	-0.83022
487600	1.1855
487800	0.274571
488000	-0.815775
488200	1.62276
488400	1.6752
488600	0.17881
488800	-0.815357
489000	-1.40302
489200	-1.17415
489400	-0.90801
490400	-0.90801
490600	0.0702947
490800	-0.579705
491000	-0.270245
491200	-0.999223
491400	0.263809
491600	0.784319
491800	-0.496233
492000	-0.800055
492200	-0.877975
492400	-0.673407
492600	-0.90801
492800	-1.16477
493000	-0.519978
493200	-1.0362
493400	-1.68035
493600	-1.06843
493800	-0.926118
494000	-1.22958
494200	-1.69662
494400	-0.890094
494600	-0.980452
494800	-0.754528
495000	-1.35882
495200	0.18173
495400	-1.47115
495600	-1.74169
495800	-1.68054
496000	-0.859713
496200	-1.61888
496400	-0.32007
496600	-0.341618
496800	-0.777113
497000	0.431398
497200	-1.30815
497400	-1.40885
497600	-0.336791
497800	0.127404
498000	-0.850939
498200	0.166658
498400	-0.0677561
498600	-0.289049
498800	-1.12889
499000	-1.04639
499200	-1.59616
499400	-2.33675
499600	-2.20858
500200	-2.26399
500400	-1.49186
501000	-1.45762
502000	-1.00826
502200	-2.16315
502400	-1.8744
502600	-2.13101
502800	-2.13039
503000	-1.58243
503200	-0.905125
503400	0.29489
503600	-1.44665
503800	-0.64096
504000	-0.813221
504200	-0.475834
504400	0.893599
504600	-0.272969
504800	-0.100831
505400	1.15411
505600	3.64176
505800	2.90574
506000	0.986233
506200	-1.24442
507400	2.38442
507600	-0.613773
507800	0.898848
508000	0.1196
508200	2.17081
508400	-0.11284
508600	-0.466775
508800	0.883761
509000	2.30895
509200	1.1422
509400	-0.0428116
509600	-1.11013
509800	-0.167463
510000	0.993238
510200	-0.593772
510400	0.290164
510600	-1.32365
510800	0.218153
511000	1.86678
511200	-0.533425
511400	-1.52573
511600	2.29854
512000	-0.775196
512200	-0.488422
512400	2.8067
512600	-0.444914
512800	0.0520838
513000	0.139023
513200	0.184664
513400	-0.989238
513600	-0.643539
513800	0.937603
514000	1.45845
514200	0.250224
514400	-0.16248
514600	-1.49254
514800	-1.75107
515000	0.00305454
515200	-0.519428
515400	-1.235
515600	-1.09298
515800	-0.736256
516000	-1.09132
516200	-0.731806
516400	-0.0232151
516600	-0.894111
516800	-0.502912
517000	-0.397263
517200	-1.50324
517400	-1.224
517600	0.972176
517800	0.081641
518000	-1.34726
518200	-1.57376
518400	0.310744
518600	0.138437
518800	-0.506101
519000	-0.463781
519200	-1.04621
519400	-1.58132
519600	-0.883068
520000	-1.42366
520200	-1.6951
520400	-0.817404
520600	-1.22796
520800	-0.77629
521000	-1.64039
521200	0.000801345
521400	-0.709129
521600	0.679565
521800	-1.66204
522000	-1.47575
522200	-0.982462
522400	-0.457929
522600	0.841909
522800	0.179073
523000	0.789902
523200	-0.241412
523400	-0.784086
523600	-0.416122
523800	-1.13472
524000	0.474084
524200	-1.76075
524400	-1.35473
524600	-1.94488
524800	-0.688937
525000	-0.461231
525200	-1.61015
525400	-0.662007
525600	-0.348388
525800	-1.43459
526000	-1.45434
526200	-1.10062
526400	-1.40678
526600	-1.14815
526800	0.124818
527000	-1.23205
527200	-0.962912
527400	-1.12048
527600	-1.71557
527800	-1.49908
528000	-1.43228
528200	-1.47893
528400	-0.924237
528600	-1.7603
528800	-1.60925
529000	-1.50291
529200	-1.15309
529400	-1.55893
529600	-0.288415
529800	-1.08966
530000	-1.54849
530200	-1.67252
530400	-1.45709
530600	-0.660664
531000	-1.71488
531200	-1.65576
531400	-1.21745
531600	-1.10359
531800	-1.28649
532000	-1.25741
532200	-0.499606
532400	-0.847153
532600	-1.27493
532800	-1.41125
533000	-2.04794
533200	-1.37113
533400	-0.534407
533600	-1.59961
533800	-2.18697
534000	-1.94349
534200	-1.89361
534400	-0.164444
534600	-0.717965
534800	0.468772
535000	1.10192
535200	0.57253
535400	0.540066
535600	-0.933703
535800	-0.798428
536000	-2.15459
536200	-1.21823
536400	-1.62397
536600	-1.82571
536800	-1.54472
537000	-0.187945
537200	-1.72238
537400	-1.56963
537600	-0.52085
537800	0.865564
538000	-0.335987
538200	-1.47591
538400	-0.869496
538600	-0.62924
538800	0.431306
539000	2.28627
539200	-0.912219
539400	0.828859
539600	0.278355
539800	1.33635
540000	1.94436
540200	-0.0756364
540400	-1.08141
540600	-1.99098
540800	-1.76976
541000	-1.37261
541200	-0.198677
541800	0.226716
542000	-0.961513
542200	-1.07103
542400	-1.02326
542600	-1.36765
542800	-0.97134
543000	0.759241
543200	0.103079
543400	0.175069
543600	-1.2035
543800	-1.1305
544000	-0.613444
544200	0.0959523
544400	-1.39558
544600	-1.836
544800	-1.05013
545000	-1.22958
545200	-1.15471
545400	0.157426
545600	-0.114329
545800	-1.82779
546000	-1.29439
546200	-1.61924
546400	-0.966583
546600	1.31862
546800	-1.33551
547000	-0.693027
547200	-0.82651
547600	-1.563
547800	-0.727971
548000	-1.46473
548200	-0.735016
548400	-0.756392
548600	-1.08263
548800	-1.19356
559800	-0.926755
560000	-0.465784
560200	-1.36922
560400	-0.29869
560600	-0.714962
560800	-1.4265
561000	-0.927939
561200	-1.31267
561400	-0.714737
561600	0.897782
561800	-0.549879
562000	-0.886092
562200	-0.617872
562400	0.660056
562600	-1.80816
562800	0.337391
563000	0.906789
563200	-1.93787
563400	-0.223938
563600	-0.683332
563800	0.575103
564000	-0.630084
564200	-1.28395
564400	0.191615
564600	-1.00737
564800	-1.53643
565000	-1.2843
565200	-0.287498
565400	-1.04359
565600	-1.36593
566000	-0.831234
566200	-1.48278
566400	-0.622566
566600	-0.61588
567000	0.663849
567200	-0.726326
567400	-1.45118
567600	-1.69438
567800	-0.518238
568600	-1.05408
568800	-0.919835
569000	-1.54393
569200	-0.873093
569400	-1.35631
569600	-1.52728
569800	-1.41195
570000	-1.62395
570200	-1.42653
570400	-0.723071
570600	-1.05442
570800	-0.772525
571000	-1.14176
571200	-0.216168
571400	-1.24842
571600	-1.28491
571800	0.0424632
572000	-0.22508
572200	-1.10803
572400	-1.34943
572600	-0.885738
572800	-0.728123
573000	-0.589796
573200	-1.90371
573400	-1.67245
573600	-1.10448
573800	-0.397233
574000	-1.41586
574200	-0.0637765
574400	-0.542935
574600	-1.29745
574800	-1.60774
575000	-0.614035
575200	0.840929
575600	0.150431
575800	-0.447642
576000	0.551786
576200	-1.16631
576400	0.518061
576600	-0.684603
576800	-1.43172
577000	-1.21916
577200	0.38332
577400	-1.83184
577600	-0.90801
577800	-0.076209
578000	-1.62327
578200	-1.73095
578400	1.14436
578600	-0.591652
578800	-0.817082
579000	-1.49806
579200	-0.228387
579400	-1.09335
579600	-0.937705
579800	0.320455
580000	-1.2423
580200	0.381026
580400	0.772884
580600	-0.357728
580800	0.149514
581000	3.13122
581200	3.31429
581400	1.46044
581600	0.292972
581800	1.35324
582000	0.537764
582200	0.395422
582400	-1.41263
582600	-0.702889
582800	-1.39876
583000	-1.2316
583200	2.36043
583400	0.0256389
583600	-1.39604
583800	-1.30931
584000	0.728817
584200	-1.474
584400	0.0925029
584600	-0.41431
584800	0.249276
585000	-0.111068
585200	0.338538
585400	-0.255899
585600	-0.0438552
585800	-1.40693
586000	-1.43769
586200	-1.16356
586400	-1.42748
586600	-0.388612
586800	-1.1049
587000	0.578012
587200	0.0285373
587400	-1.18282
587600	0.412361
587800	1.59319
588000	-1.47048
588200	-0.395698
588400	0.226029
588600	-1.68495
588800	-0.941746
589000	-1.79696
589200	-1.59757
589400	-1.50431
589600	-1.39021
589800	-1.99451
590000	-1.74707
590600	-0.887127
590800	-1.83099
591000	-0.333431
591200	-0.274073
591400	0.0330885
591600	-0.44733
591800	-0.0540035
592000	-2.04688
592200	-1.62315
592400	-0.869496
592600	-0.586476
592800	-0.440537
593000	0.0903937
593200	0.0292045
593400	-1.36789
593600	-0.207473
593800	-2.10875
594000	-0.368727
594200	-0.885687
594400	0.38956
594600	0.0588531
594800	-0.91174
595000	-0.755329
595200	-0.428968
595400	-1.7969
595600	-0.932821
595800	-0.739636
596000	-0.583687
596200	-0.968771
596400	-1.83392
596600	-1.12539
596800	-1.03374
597000	-0.641015
597200	-0.592321
597400	-1.86544
597600	-1.81928
597800	0.149713
598000	-1.03004
598200	-0.255294
598400	-0.310812
598600	-1.11632
598800	-1.03566
599000	-0.0766817
599200	-1.42076
599400	-0.619629
599600	-0.355192
599800	-1.532
600000	-1.0996
600200	0.590933
600400	-0.922467
600600	-1.47177
600800	-0.268669
601000	-0.71445
601200	-1.78645
601400	-1.06026
601600	-1.59469
601800	0.0740442
602000	-0.544868
602200	-1.74405
602400	-1.09164
602600	0.71925
602800	-0.833588
603000	-1.70295
603200	-1.76451
603400	-1.34966
603600	1.00494
603800	-1.11339
604000	-1.26884
604200	-0.350345
604400	-0.472901
604600	-1.80777
604800	-1.40048
605000	-1.79897
605200	-0.920006
605400	-0.237284
605600	-1.47107
605800	-1.09484
606000	-1.53146
606200	0.101562
606400	-0.563085
606600	-0.979045
606800	-0.65848
607000	-0.854241
607200	-1.61378
607400	-0.187154
607600	-1.50765
607800	-1.40751
608000	-1.22794
608200	-1.4226
608400	-1.72668
608600	-0.0400424
608800	-0.861441
609000	-0.859224
609200	-1.38559
609400	-1.46533
609600	-0.612648
609800	-1.08947
610000	-1.13219
610200	-1.79379
610400	-0.629892
610600	0.0557086
610800	-1.62278
611000	-0.79365
611200	-0.164369
611400	-0.735392
611600	-0.12949
611800	0.168494
612400	-0.90801
612600	2.2637
613200	-0.25291
613400	-0.91078
613600	-0.673366
613800	-1.39498
614000	-1.3654
614200	-1.14183
614400	-0.90801
614600	-1.38572
614800	-1.69085
615000	-1.42558
615200	0.801423
615400	-1.82796
615600	-0.821801
615800	-2.03936
616000	0.0451136
616600	-0.607151
616800	-0.647552
617200	-0.104218
617400	0.143407
618200	-1.70276
618600	-1.2035
619000	0.0952701
619200	-0.473837
619400	-1.90852
619600	-0.969032
619800	-1.60784
620000	0.733009
620200	-1.57608
620400	-0.709404
621000	0.49214
621200	-1.38572
621400	-1.5054
621600	-0.473204
621800	-1.0554
622000	-1.95116
622200	-2.35558
622400	-0.5995
622600	-1.84072
622800	-1.78177
623000	-1.38148
623200	-1.90301
623400	-0.769527
623600	-1.27305
624000	0.154494
624200	-1.89205
624400	-0.908499
624600	-0.266449
624800	-1.55071
625000	-1.55904
625200	-0.707555
625400	-0.607762
625600	-0.176937
626000	0.610877
626600	-0.895927
626800	-1.70864
627000	-1.23403
627200	-1.47173
627400	-1.63744
627600	-1.2446
627800	-0.901862
628000	-1.36772
628200	-1.53661
628400	-1.41088
628600	-0.658904
628800	-0.663617
629000	-0.776579
629200	-1.20636
629400	-1.82916
629600	-1.41416
629800	-1.42104
630000	-2.00246
630200	-1.16817
630400	-1.63629
630600	0.49971
630800	-1.31796
631000	-1.22018
631200	-0.337438
631400	-1.5453
631600	-1.8354
631800	-0.834994
632000	-1.5438
632200	-0.00529021
632400	-0.777671
632600	-1.46422
632800	0.19693
633000	-0.675886
633200	-0.312136
633400	-1.73927
633600	-2.01271
633800	-1.44696
634400	-2.15427
634600	-1.00788
634800	0.337909
635000	-0.983825
635200	-0.917341
635400	-1.53716
635600	-0.394065
635800	-1.90786
636000	-0.704081
636200	-1.38572
636400	-1.9661
636600	-1.24104
636800	-1.15186
637000	-1.22456
637200	0.268281
637400	-0.86457
637600	-0.629434
637800	-1.30523
638000	-0.446339
638200	-0.122549
638400	-0.187439
638600	-2.01464
638800	-0.526901
639000	-0.834534
639200	-0.905461
639400	-1.56813
639600	-1.10022
640800	-1.01036
641000	-0.793225
641200	-0.369543
641400	-0.827785
641600	-0.739524
641800	-1.50584
642000	2.89295
642200	-0.139938
642400	0.137841
642600	-2.09261
642800	-1.3253
643000	0.494763
643200	-0.878856
643400	-0.90801
643600	-1.63663
643800	-1.63208
644000	-1.4913
644200	-1.17742
644400	-1.87273
644600	-1.90938
644800	-1.83943
645000	-1.16521
645200	-1.72878
645400	-1.70986
645600	0.441622
645800	-0.247763
646000	-1.09352
646200	-1.5176
646400	-1.35985
646600	-1.58925
646800	0.394798
647000	-2.00552
647200	-1.59327
647400	-1.94741
647600	-0.978029
647800	-1.66256
648000	-1.12921
648200	-1.33165
648400	-1.82832
648600	0.135602
648800	-0.90801
649000	-0.33633
649200	-1.06231
649400	-0.776545
649800	0.345269
650000	-1.22388
650200	-0.359662
650400	-0.504785
650600	-1.44344
650800	-1.4265
651000	-1.62692
651200	1.2599
651400	-0.306364
651600	-1.53953
651800	-1.09527
652000	-1.48285
652200	-0.657088
652800	-0.984541
653000	-0.0835702
653200	-0.798701
653400	-1.05884
653600	-0.94724
653800	-0.300206
654200	-1.15186
654400	-1.85446
654600	-1.30577
655600	-0.870984
655800	-1.3518
656000	-1.19287
656200	-1.04067
656400	-1.69174
656600	-1.54252
656800	-1.10912
657000	-1.83184
657200	-1.55056
657400	-0.279526
657600	-0.0604082
657800	-0.890895
658000	-0.802113
658200	-1.53371
658400	-0.583382
658600	-1.59307
658800	-1.05063
659000	-1.56904
659200	-1.02665
659400	-0.235325
659600	0.0577733
659800	-0.152043
660000	-1.09771
660400	0.300231
660600	0.859856
661000	0.472524
661200	1.40352
661400	0.0107975
661600	0.559685
661800	-1.82832
662000	-1.61047
662200	3.0367
662400	-1.71789
662600	-1.68543
662800	-0.266737
663000	-0.783414
663200	-1.41744
663400	-1.78469
663600	-0.245878
663800	-1.0293
664000	-0.917124
664200	-1.15152
664400	-0.949799
664600	0.243126
664800	0.372168
665000	3.31886
665200	-1.53899
665400	-1.14341
665600	-1.36553
665800	-0.433393
666000	0.650927
666200	-1.05966
666400	-0.556725
666600	0.183544
666800	-1.18101
667000	-1.05804
667200	-1.04726
667400	-1.8748
667600	-0.438051
667800	-1.65171
668000	0.42448
668200	0.401838
668400	-0.14177
668600	-1.38444
668800	0.787024
669000	1.1389
669200	0.893343
669400	-0.990762
669600	-1.09141
669800	-1.70656
670000	-0.297952
670200	-1.24721
670400	1.16579
670600	-0.912081
671800	-0.740527
672000	-0.349486
672400	-1.68948
672600	-0.102396
672800	-0.270088
673000	-0.637647
673200	-0.246815
673400	-1.18618
673600	-1.30711
673800	-0.821994
674000	-0.413228
674200	-0.851062
674400	-1.45949
674600	-0.929058
674800	-1.30691
675000	-1.14788
675200	-0.0531346
675400	-0.462508
676200	0.602402
676400	1.55414
676600	0.173905
676800	-1.09863
677000	0.567636
677200	-0.694543
677400	-1.28305
677600	-0.880318
677800	0.714349
678000	-0.191998
678400	-0.869496
678600	0.361573
678800	-0.226287
679000	-1.30163
679200	-0.337283
679400	1.17941
679600	0.207206
679800	0.716585
680000	-1.72793
680200	-1.05289
680400	-1.50813
680600	-0.342136
680800	-0.982747
681000	-1.4265
681200	-0.688197
681400	-1.05191
681800	-0.447968
682000	-0.88454
682200	-1.15186
682400	-0.859958
682600	-0.477547
682800	-1.06109
683200	-1.04485
683400	-0.0527032
683600	-1.04641
683800	-1.01843
684000	-0.876734
684200	-0.964083
684600	-1.38559
684800	-0.520888
685000	-1.4773
685400	-1.74665
685600	-0.438994
685800	0.303339
686000	-0.814216
686200	-0.717887
686400	-0.507936
686600	-0.230826
686800	0.0632573
687000	-1.87189
687200	-0.935583
687400	-0.187221
687600	-1.53503
687800	-0.762342
688000	1.47375
688200	-0.290746
688400	-0.409615
688600	-0.885521
688800	-1.28851
689000	-0.554084
689200	-1.34494
689400	-0.603021
689600	-1.41339
689800	-1.29428
690000	-1.03894
690200	-0.368951
690400	-0.0189381
690600	0.120417
690800	0.339838
691000	-0.869496
691200	-0.717965
691400	-1.49541
691600	-1.18032
691800	-0.505009
692000	2.04685
692200	-1.32687
692400	-0.938271
692600	-0.987069
692800	-0.824509
693000	-0.607986
693200	-0.671989
693400	-1.17759
693600	-1.297
693800	-0.381754
694000	1.46302
694200	-1.16276
694400	-0.764621
694600	-0.497815
694800	-1.65171
695000	-1.80628
695200	-1.00104
695400	-1.19127
695600	-0.832427
695800	-0.946036
696000	0.0872805
696200	0.242007
696800	0.835232
697000	-0.995899
697200	-1.91188
697400	-1.09194
697600	-1.44908
697800	-1.44447
698000	1.10179
698200	-1.24211
698400	0.50462
698600	-0.508343
698800	0.0565311
699000	0.0314335
699200	-0.516603
699400	0.329715
699600	-1.30526
699800	-1.40555
700000	-0.0965972
700200	-1.45379
700400	-0.496978
700600	-0.186375
700800	2.82224
701000	0.554456
701200	0.713975
701400	1.25147
701600	0.584294
702200	-0.296245
702400	-1.30222
702600	-1.73078
702800	-0.255289
703000	-0.319863
703200	-0.709821
703400	-0.630354
703600	-1.8869
703800	-1.17145
704000	-0.948834
704200	-0.944842
704400	-1.05229
704600	-1.67086
704800	1.59339
705000	-1.1632
705200	-1.18521
705400	-1.52511
705600	-0.824087
705800	-0.289859
706000	-0.430459
706200	-1.5273
706400	-1.1701
706600	-1.11297
706800	-1.91323
707000	-0.793225
707200	-1.35513
707400	0.0499045
707600	1.0473
707800	-1.55318
708000	-0.887734
708200	-1.57894
708400	-1.7871
708600	1.20573
708800	-0.531774
709000	-1.19739
709200	0.103809
709400	-1.50721
709600	-0.175444
709800	-1.16122
710000	-0.0562855
710200	0.0200917
710400	-0.99706
710600	-0.67194
710800	-1.01489
711000	-1.2378
711200	-1.37146
711400	-1.04481
711600	-1.78392
711800	-1.60016
712000	-0.670218
712200	-1.33963
712400	-1.35647
712600	-0.718784
712800	-0.552855
713000	-1.2035
713200	-0.717965
713400	-1.69452
713600	0.334268
713800	-0.396613
714000	-1.17165
714200	-0.819385
714400	-0.0676828
714600	-2.26304
714800	3.08447
715000	2.18205
715200	1.29944
715400	-0.365617
715600	1.21182
715800	0.692035
716000	1.39036
716200	1.17316
716400	2.04481
716600	-1.6672
716800	-1.31099
717000	-0.604095
717200	-2.08413
717400	-2.29914
717600	-2.12355
717800	-1.3452
718000	-1.13641
718200	-0.306133
718400	-0.973791
718600	-1.23453
718800	-1.92432
719000	-1.64345
719200	-0.689017
719400	-0.793225
719600	-1.29684
719800	-0.403323
720000	-0.464521
720200	-1.44902
720400	-0.478282
720600	-1.34223
720800	-1.7541
721600	-0.978198
721800	-0.411385
722000	-1.87712
722200	-1.46862
722400	-0.963585
722600	-1.66082
722800	0.417843
723000	-0.562408
723200	-0.282707
723400	-0.580294
724400	-0.901564
724600	-2.02582
724800	-0.88237
725000	-1.23861
725200	-1.68831
725400	0.278162
726000	-1.12628
726200	-0.210304
726400	-1.73875
726600	-1.84488
726800	-1.18252
727000	0.55185
727200	-1.59731
727400	-2.02105
727600	-1.76937
727800	-1.14062
728000	-1.03042
728200	-0.387915
728400	-0.64103
728600	-0.702812
728800	-1.67678
729000	-2.00899
729200	-1.20082
729400	-1.45862
729600	-1.63394
729800	-1.58908
730000	-2.04817
730200	-1.12675
730400	-2.10068
730600	-1.8757
730800	-1.33603
731000	-0.688822
731200	-1.11676
731400	-1.4579
731600	-0.5652
731800	-1.66343
732000	-1.15186
732200	-1.24489
732400	-0.369995
732600	-0.363708
732800	0.484807
733000	0.541114
733200	-1.46367
733400	-1.41325
733600	-1.1802
733800	-0.188932
734000	-0.30589
734200	-0.790181
734400	-0.704903
734600	-1.35453
734800	-2.05424
735000	0.493823
735200	-1.36888
735400	-1.80576
735600	-1.12851
735800	2.00707
736000	-0.0939532
736200	-0.80788
736400	0.822922
736600	0.0729753
736800	-0.912312
737000	0.542882
737200	-0.656383
737400	0.423242
737600	0.761926
737800	-1.26544
738000	-0.989283
738200	-1.83237
738400	0.469893
738600	1.24762
738800	-1.66475
739000	-0.650248
739200	0.502726
739400	-1.55942
739600	-0.90801
739800	-1.45327
740000	0.067142
740200	0.613834
740400	0.206727
740600	0.44909
740800	-1.61894
741000	-0.754682
741200	0.635892
741400	-0.315017
741600	-1.94142
741800	-0.24351
742000	-1.51638
742200	-1.83605
742800	-1.22528
743000	-1.14202
743200	-0.440884
743400	0.381962
743600	1.50657
743800	-0.0191114
744000	-1.05777
744200	0.269856
744400	-1.75151
744600	-0.831366
744800	-0.365315
745000	-0.144529
745200	-0.632458
745400	-0.160812
745600	0.37331
745800	-0.365931
746000	1.15698
746200	-1.52179
746400	-0.882095
746600	-0.617911
746800	-0.61018
747000	-1.48951
747200	-1.34894
747400	1.14379
747600	0.507361
748000	0.287386
748200	-0.539858
748400	-0.853431
748600	-0.331585
748800	-1.44445
749000	-0.14903
749200	-1.13807
749400	-1.63969
749600	-0.310873
749800	-1.41165
750000	-1.13444
750200	-0.417799
750400	-0.42833
750600	-0.508826
751000	0.898791
751200	-0.643083
751400	-0.0762699
751600	1.27972
752000	0.0480199
752200	-1.04878
752600	-1.84052
752800	-2.33612
753000	-0.570474
753200	-1.16852
753400	-0.707719
753600	-1.25858
753800	-0.858481
754000	-1.40526
754200	-0.416182
754400	-1.2652
754600	-1.55533
754800	-0.991862
755000	0.428553
755200	-0.90801
755400	0.401284
755600	-1.07377
755800	-1.34389
756000	-0.959707
756200	-1.80271
756400	-0.0154037
756600	-0.866313
756800	-1.19708
757000	-1.7451
757200	-1.68475
757400	-1.30462
757600	-0.750977
757800	-0.387502
758000	0.677011
758200	-0.0891742
758400	1.80433
758600	0.041465
758800	-0.959769
762400	-0.466896
762600	-0.295628
762800	-1.52638
763000	-1.44965
763400	0.837169
763600	-1.83002
763800	2.08497
764000	1.60906
764200	1.10999
764400	1.51025
764600	2.06021
764800	-1.6639
765000	1.16022
765200	0.667672
765600	-1.34601
765800	-0.594633
766000	0.538159
766200	-0.367262
766400	1.2121
766600	-0.428557
766800	-1.29395
767000	-1.89823
767200	-0.914782
767400	-0.220434
767600	0.313789
767800	-1.14729
768000	0.881593
768200	-1.87968
768400	-1.21163
768600	-2.15353
768800	-0.515828
769000	0.245126
769400	-0.152248
769600	-2.20742
769800	-2.05364
770000	0.308393
770200	0.669694
770400	-0.580122
770600	-1.449
770800	-0.509406
771000	-0.759492
771200	-1.60461
771400	0.0660193
771600	-0.471416
771800	-0.696095
772000	-0.350373
772200	-1.48741
772400	-1.15676
772600	-1.16102
772800	-1.71747
780200	-0.99393
780400	-1.6181
780600	-0.0531516
780800	0.888466
781000	0.148076
781200	-0.212564
781400	-0.346732
781600	-2.00962
781800	-0.949004
782000	-1.91478
783000	-2.04588
783200	-2.08796
783400	-1.76519
783600	-1.32549
783800	-1.09633
784000	-0.410664
784200	-1.02226
784400	-0.472885
784600	0.188931
784800	0.674289
785000	-0.608303
785200	-0.400107
785400	-1.91637
785600	-1.31566
785800	-0.475524
786000	0.0322812
786200	-1.94349
786400	-2.01318
786600	-0.988244
786800	-0.95057
787000	-1.52232
787200	1.6521
787400	-1.09896
787600	-1.51095
787800	-1.42875
788000	-1.44279
788200	-0.751788
788400	-0.231471
788600	-0.707006
788800	-0.649413
789000	-1.54196
789200	-0.196296
789400	-0.716103
789600	-0.75971
789800	-0.793824
790000	-1.39037
790200	-1.70986
790800	-1.24053
793600	-1.17913
793800	0.216674
794000	-0.0457968
794200	-1.02266
794400	-0.775504
794600	-1.7796
794800	-0.646111
795000	-0.299798
795200	-1.00535
795400	-0.767901
795600	-1.37396
795800	-1.70464
796400	-0.235063
796600	-1.51459
796800	-1.41008
797000	-1.85244
797200	-1.76937
797400	-0.752546
797600	-1.27888
797800	0.620183
798000	-0.926167
798200	-0.182995
798400	0.449859
798600	-0.434941
798800	0.228085
799000	-0.569209
799200	-0.306249
799400	1.62513
799600	0.160255
799800	-2.06865
800000	-0.348048
800200	-1.03713
800400	0.0693875
800600	-0.56406
800800	-1.4162
801000	-0.27675
801200	-1.64818
801400	0.32381
801600	-1.84792
801800	-0.647619
812400	-0.236934
812600	-0.85582
812800	0.0577871
813000	2.11319
813200	2.23616
813400	-0.346733
813600	-0.328875
813800	-1.04107
814000	-0.532308
814200	-0.813187
814400	-0.993682
814600	-0.988547
814800	-1.21327
815000	-1.09329
815200	-0.742237
815400	0.876648
815600	-0.55672
815800	-1.10456
816000	-0.281986
816200	0.884214
817400	-1.24753
817600	-1.36535
817800	-1.11337
818000	-1.30096
818200	-0.871852
818400	-0.794708
818800	0.130452
819000	-1.29748
819200	-1.04599
819400	-2.115
819600	-1.47063
819800	-2.16403
820000	-1.97833
820200	-0.953364
820400	-1.08678
820600	1.12356
820800	-0.236663
821000	-0.24002
821200	0.69163
821400	-1.74895
821600	-1.31235
821800	-2.01616
822000	-1.49369
822200	-2.1015
822400	-1.96239
822600	-1.99325
822800	-1.92275
823000	-1.56473
823200	-1.5508
823400	-1.16594
823600	-0.221572
823800	-2.06238
824000	-1.39146
824200	-0.382455
824400	-1.40935
824600	-1.43554
824800	-0.417223
825000	-0.748811
825200	-1.65515
825400	-1.90957
827600	-0.793225
827800	-0.48068
828000	1.15612
828200	-0.293275
828400	-0.168171
828600	-0.90801
828800	-0.42804
829000	-1.29326
829200	-0.609939
829400	-0.616723
829600	0.584118
829800	-1.65103
830000	-0.234973
830200	-1.48345
830400	-1.28316
830600	-0.722777
830800	-0.352261
831000	-0.694257
831200	-0.12436
831400	-0.806296
831600	-0.100318
831800	-1.59699
832000	-0.153873
832200	-0.542627
832400	-1.41435
832600	-1.62162
833200	-1.02237
833400	-1.40873
833800	-1.17781
834000	-1.36526
834400	-1.59521
834600	-0.850414
835200	-0.453835
835400	-1.96681
835600	-1.35101
835800	-1.21167
836000	-0.353887
836200	-1.22958
836400	-0.90801
837000	-0.831234
837200	-0.996196
837400	-1.76666
837600	-1.81661
837800	-1.20837
838000	-0.95748
838200	0.620801
838400	-1.13734
838600	-1.35739
838800	-1.72811
839000	-1.00188
839200	-0.00301583
839400	-1.74097
839600	0.220346
840000	-1.37559
840200	-0.730029
840400	-0.909124
840600	-1.10529
840800	-1.4265
841200	-1.59307
841400	-0.491398
841600	-1.73608
841800	-0.245961
842000	-0.513211
842200	-0.423061
842400	-1.32323
842600	0.70778
842800	-0.0197519
843000	2.15268
843200	0.57278
843400	-1.19366
843600	-1.11785
843800	-2.08961
844000	-0.946982
844200	0.0887281
844400	-0.875938
844600	0.757994
844800	-0.319474
845000	0.406125
845200	0.220749
845400	0.711782
845600	0.404852
845800	-0.337855
846000	-0.353605
846200	0.13736
846400	-0.377993
846600	1.18247
846800	0.328114
847000	-0.10415
847200	-0.529232
847400	-0.923804
847600	-0.86559
847800	-0.962598
848000	0.753127
848200	-0.380443
848400	-0.69679
848600	-0.251738
848800	-0.425604
849000	0.328253
849200	-0.465043
849400	-1.68172
849600	-0.991875
849800	-0.239635
850000	0.793915
850200	-1.24004
850400	-1.08459
850600	-1.66313
850800	-0.56687
851000	0.252728
851400	0.31036
851600	-1.13363
851800	-1.606
852000	-0.239976
852200	-1.29187
852400	-0.419105
852600	-1.26095
852800	-0.968158
853000	-0.0161834
853200	0.370272
853400	0.744243
853600	-1.17076
853800	1.79072
854000	0.149989
854200	-1.62561
854400	-1.97652
854600	-1.49322
854800	-0.117475
855000	0.824609
855200	-1.02239
855400	-0.212602
855600	-1.63163
855800	-0.85593
856000	-0.875366
856200	-1.85773
856400	-0.800387
856600	-1.07295
856800	-1.49579
857000	-1.6368
857200	2.60831
857400	0.506602
857600	-1.08487
857800	-1.62268
858000	-1.09297
858200	-0.681728
858400	-1.52493
858600	-0.871714
858800	-1.26214
859000	-0.851011
859200	-0.841488
859400	-1.55123
859600	-0.632973
859800	-1.64191
860000	-1.7955
860200	-1.5491
860400	-1.00591
862200	-0.425725
862400	-0.469043
862600	-1.21551
862800	-2.20197
863000	-2.35833
863200	-0.660132
863400	-1.43578
863600	2.32896
863800	-0.669301
864000	-1.50903
864200	-0.151373
864400	-0.621087
864600	-0.601845
864800	-1.66206
865000	-1.59307
865200	-0.152248
865400	-1.24627
865600	-1.39356
865800	-1.08711
866000	-1.61015
866200	-0.163949
866400	-0.761231
866600	-1.21586
866800	-1.28833
867000	-0.2347
867200	-0.966568
867400	-1.92592
867600	-0.905805
867800	-0.525382
868000	-1.34138
868200	-0.374629
868400	-1.59453
868600	-0.850221
868800	-0.289099
869000	-0.367028
869200	1.0924
869800	-0.043983
870000	0.311184
870200	-0.972237
870400	-0.774187
870600	0.422878
870800	-0.205587
871000	-0.182799
871200	-1.7102
871400	-0.996823
871600	-1.30132
871800	-0.623282
872000	-1.32
872200	0.945825
872400	-0.835592
872600	2.03663
872800	0.552004
873000	3.97492
873200	2.09888
873400	1.06387
873600	1.23698
873800	-0.560222
874000	-1.08806
874200	0.217782
874400	-1.40605
874600	-1.36384
874800	-2.17701
875000	-1.40605
875200	-1.72979
875400	-0.81945
875600	-0.0539983
875800	-0.138974
876000	-0.0880193
876200	-0.600395
876400	1.57189
876600	1.52664
876800	1.73616
877000	-0.678325
881200	-1.2035
881400	-0.969878
881600	0.923403
881800	0.854681
882000	-0.456888
882200	-0.313483
882400	-1.19677
882600	-1.12285
882800	-1.63492
883000	-1.70001
896200	0.0777346
896400	0.333058
896600	-0.876467
896800	-1.61818
897000	-1.40189
897200	0.599806
897400	-0.0169524
898000	-2.54996
898200	-0.911418
898400	-1.22958
899000	-1.07568
899200	-1.25328
899400	-1.22899
899600	-1.70003
899800	-1.28718
900000	0.0193559
900600	-0.90801
900800	-1.32683
901000	-1.00772
901200	-0.90801
901400	-0.869496
901600	0.162435
901800	-0.54148
902000	1.56551
902200	-0.605926
902400	-1.07004
902600	-1.06622
902800	-0.782906
903000	-2.1292
903200	-0.435399
903800	-1.66622
904000	-1.56578
904200	-1.65113
904400	-1.34162
904600	-1.66579
904800	-1.12578
905000	-1.66757
905200	0.841817
905400	-1.6951
905600	-0.622441
905800	-0.563449
906000	-0.939709
906200	-1.44142
906400	-0.781791
906600	-1.85152
906800	-1.34603
907000	-1.10803
907200	-1.66864
907400	-0.942917
907600	-1.41342
907800	-0.997916
908000	-1.09869
908200	-1.97668
908400	-1.37986
908600	-0.643181
909000	-1.59307
909200	-1.12012
909400	0.153877
909600	-1.02602
909800	-1.11454
910000	-1.52545
910200	-1.36363
910400	-0.0280886
910600	-1.95599
910800	-1.84215
911000	-1.41701
911200	0.367155
911400	-1.44053
911600	-1.17909
911800	-0.884982
912000	0.00762355
912200	0.178344
912400	-1.19333
912600	-0.950415
912800	-1.27552
913000	-0.589755
913200	-1.73485
913800	-1.31776
914000	-1.8926
914200	-0.575819
914400	-1.59307
914600	-1.91935
914800	-0.641963
915000	-0.497949
915200	-1.39813
915400	-1.22796
915800	-0.307343
916000	-0.755469
916200	-0.520126
916400	-1.37278
916600	-1.757
916800	-0.9466
917000	0.0143344
917200	0.617539
917400	-0.280334
917600	-1.14396
917800	-1.11794
918000	-2.01862
918200	-1.45589
918400	-1.42668
918600	-1.61297
918800	-0.760751
919000	-1.28383
919200	-1.2054
919400	-1.85049
919600	0.0857399
919800	-0.895924
920000	-0.581607
920200	-1.13362
920400	-0.145982
920600	-1.01945
920800	-1.18335
921000	-1.78331
921200	-1.89131
921400	-0.763228
921600	-1.89351
921800	-1.61412
922000	-1.77714
922200	-1.04256
922400	-1.24954
922600	-0.284799
922800	-2.17026
923000	-1.33242
923200	-0.605074
923400	-1.64016
923600	-1.11339
923800	-1.00841
924000	-0.405997
924200	-0.451943
924400	-0.647273
924600	-1.76272
924800	-1.30565
925000	-1.62812
925200	-1.75865
925400	-0.543921
925600	-1.86967
925800	-1.13933
926000	0.626072
926400	-0.155037
926600	-0.315182
926800	-0.455824
927000	-0.7474
927200	0.528055
927400	1.27109
927600	-1.00009
927800	-0.925678
928000	-1.66284
928200	-2.14716
928400	-1.576
928600	-0.976502
928800	-1.62268
929000	-1.55904
929200	-0.824855
929400	-1.59307
929600	-1.47456
929800	-1.57611
930000	-1.4265
930200	-1.91118
930400	-0.826122
930600	-1.1193
930800	-1.30837
931000	-0.302223
931200	-0.424127
931400	-1.22345
931600	-1.30781
931800	-1.40964
932000	-0.918622
932200	-0.390413
932400	-1.525
932600	-0.529441
932800	-0.371785
933000	-0.36477
933200	-1.44696
933400	-1.26432
933600	-0.94059
933800	-1.20543
934400	-1.00104
934600	0.0533615
935000	0.406814
935200	-0.717965
935400	-0.0637765
935600	-0.678969
935800	-0.869496
936000	-0.90801
936200	-0.90083
936400	-0.314033
937000	0.21263
937200	-0.549325
937400	-1.1009
937600	1.2993
937800	-0.90801
938000	-0.00851957
938200	0.770479
938600	-1.01655
938800	-0.852156
939000	-1.24612
939200	-0.997134
939400	-1.23015
939600	-0.382666
939800	-1.673
940000	-1.44079
940200	-0.693198
940400	-0.610471
940600	0.768238
940800	-0.77888
941000	-1.34945
941200	-1.22958
941600	-1.55785
941800	-0.977178
942000	-0.746202
942200	-0.6899
942400	-1.69
942600	-1.29494
942800	-0.0990424
943000	-1.28347
943200	-1.35052
943400	-1.01922
943600	-1.67949
943800	0.510156
944000	-1.30616
944200	-0.900078
944400	0.0214953
944600	-0.975754
944800	2.49673
945000	-0.548204
945200	-1.86492
945400	-0.874448
945600	-1.44696
945800	-0.672833
946000	-1.76689
946200	-0.476635
946600	-1.49828
946800	-1.55859
947000	-0.649616
947200	0.308319
947400	-1.91334
947600	-1.6563
947800	-1.15226
948000	-1.0781
948200	-1.85519
948400	-0.365265
949000	-1.66559
949200	-0.655933
949400	-1.25803
949600	-1.524
949800	-0.224581
950000	-0.588897
950200	-0.890627
950400	-1.56308
950600	-1.25587
950800	-0.657377
951000	-1.33292
951200	-1.21362
951400	-1.30196
951600	-0.879954
951800	-1.52401
952000	-0.058527
952200	-1.13594
952400	-1.84997
952600	-0.844638
952800	-1.28383
953000	-2.22161
953200	-1.03729
953400	-1.00226
953600	-2.03278
953800	-1.8978
954000	-0.775854
954200	-1.5457
954400	-1.63605
954600	-2.05059
954800	-0.934332
955000	-1.41248
955200	0.152814
955400	-0.867194
955600	-1.53516
955800	-1.11837
956000	-1.44579
956200	-1.79051
956400	-1.63021
956600	-1.43306
956800	-1.63566
957000	-1.89975
957200	-1.4627
957400	-1.75891
957600	-0.736667
957800	-0.959708
958000	-1.39691
958200	-0.597475
958400	-1.08996
958600	-1.66526
958800	-0.17666
959000	0.755089
959200	-1.55893
959400	-0.871136
959600	-0.780262
959800	-0.566617
960000	-1.33162
960200	0.135434
960400	-1.05093
960600	0.726618
960800	-1.38572
961000	0.964643
961200	-0.869496
961400	-1.17759
961600	-1.07226
961800	0.877217
962200	-1.59751
962400	-1.56502
962600	-1.62047
962800	-1.2187
963000	-1.55523
963200	-1.91327
963400	-1.91334
963600	-0.524482
963800	-1.57955
964000	-1.40925
964200	-0.628954
964400	-1.48598
964600	-0.974303
964800	-1.55097
965000	-1.02146
965200	-0.943794
965400	-0.953852
965600	-1.0623
965800	-1.25176
966000	-1.60816
966200	-0.00773066
966400	-1.21583
966600	-0.939329
966800	-0.661958
967000	-1.85244
974800	-1.67747
975000	-0.642441
975200	-1.26324
975400	-1.20235
975600	-1.06375
975800	-0.163624
976000	-0.26723
976200	-1.08354
976400	-1.50131
976600	0.305664
976800	-0.89419
977000	0.517458
977200	-0.827889
977400	-0.357138
977600	-1.85175
977800	-1.07796
978000	-0.241807
978200	-0.269809
978400	-1.50542
978600	-0.293777
978800	-1.87151
979000	-0.731995
979200	0.911244
979400	-1.0611
979600	-0.864414
979800	-0.0789273
980000	-1.6537
980200	-1.26177
980400	-1.54219
980600	-1.12684
980800	-0.132817
981000	-1.24107
981200	-1.01322
981400	-1.59238
981600	-1.6951
981800	-1.44634
982000	0.0958146
982200	-0.740921
982800	-0.972911
983000	0.569843
1022000	-1.38486
1022200	-1.11099
1022400	-0.644131
1022600	-1.00104
1022800	-0.322433
1023000	-0.967868
1023200	-0.514605
1023400	-0.995648
1023600	-1.59307
1023800	-1.2753
1024000	-1.41509
1024200	-1.47059
1024400	-0.84991
1024600	0.424902
1024800	1.05817
1025000	0.58672
1025200	-0.581899
1025400	-1.28948
1025600	-0.839107
1025800	-1.15537
1026000	-0.178293
1026600	-1.11444
1026800	0.629149
1027000	-1.36553
1027200	-1.56184
1027400	-1.87158
1027600	-0.481173
1027800	-1.63647
1028000	-0.916775
1028200	-1.00473
1028400	-1.13637
1028600	-1.20715
1028800	-1.01847
1029000	-0.636583
1029200	-1.52765
1029400	-0.658266
1029600	-0.965113
1029800	-1.0245
1030000	-1.08029
1030200	-1.51588
1030400	-1.24815
1030600	0.0407927
1030800	-0.135735
1031000	-1.62652
1031200	-1.40016
1031400	-1.62181
1031600	-1.49426
1031800	-1.73927
1041400	-1.84488
1041600	-1.34733
1041800	-1.5332
1042000	-0.842369
1042200	-0.425284
1042400	-1.36016
1042600	-0.578881
1042800	-0.0249308
1043000	-1.32623
1043200	0.158566
1043400	-0.516622
1043600	-1.37649
1043800	-1.57813
1044000	-1.30418
1044200	-0.959992
1044400	-1.76088
1044600	-1.29783
1044800	-0.287657
1045000	-0.546756
1045200	-1.20139
1045400	-1.49106
1045600	-1.17946
1045800	-1.84352
1046000	-0.0689592
1046200	0.549466
1046400	-1.83759
1046600	-1.32875
1046800	-1.45827
1047000	-1.28434
1047600	-0.633449
1047800	-1.1753
1048000	-1.23539
1048200	-1.31408
1048400	-1.51365
1048600	-1.62191
1048800	-1.12781
1049000	-1.40636
1049200	-0.415571
1049400	-1.33019
1049600	-0.831234
1050600	-1.40605
1050800	-1.14322
1051400	-1.6953
1051600	-0.420939
1051800	0.465103
1052000	0.68073
1052200	-0.898947
1052400	-0.661316
1052600	-0.354805
1060400	-0.737901
1060600	-0.296078
1060800	-0.754318
1061000	1.87004
1061200	-1.53623
1061400	1.93022
1061600	1.79753
1061800	-0.820129
1062000	-1.17724
1062200	-0.419719
1062400	-1.05323
1062600	-1.20986
1062800	0.408758
1064400	0.358121
1064600	-0.691192
1064800	-1.83156
1065000	-0.572661
1065200	-0.203308
1065400	-1.84375
1065600	-0.682896
1065800	-1.28392
1066000	-1.40618
1066200	-1.24796
1066400	-1.5537
1066600	-0.183022
1066800	-0.509232
1067000	0.408156
1067200	-1.00885
1067400	0.954001
1067600	-0.551574
1067800	-0.738575
1068000	-1.66643
1068200	-1.38313
1068400	0.875846
1068600	-0.752507
1068800	-0.165027
1069000	-1.10508
1069200	-0.78087
1069400	-1.37002
1069600	-0.707738
1069800	-0.542194
1070000	-1.2735
1070200	0.865258
1070400	-0.660726
1070600	-1.13786
1070800	-1.14576
1071000	-1.90284
1071200	-1.15132
1071400	-1.28445
1071600	-1.11105
1071800	0.108964
1072000	-1.0133
1072200	-1.2433
1072400	-1.37593
1072600	-1.53391
1072800	-0.883469
1073000	-1.05867
1073200	-0.831234
1073400	0.500305
1073600	-0.840937
1073800	-1.92439
1074000	-1.10258
1074200	0.0790925
1074400	-1.39147
1074600	-0.693658
1074800	-1.60148
1075000	-0.226098
1075200	-0.568069
1075400	-1.04551
1075600	-0.934393
1075800	-0.734334
1076000	-0.534092
1076200	-1.31457
1076400	-1.4265
1076600	-0.652917
1076800	-0.974896
1077000	-1.36553
1077200	-1.40605
1077400	-0.553455
1077600	-0.630208
1077800	-1.01491
1078000	-0.676003
1078200	-0.406277
1078400	-0.954826
1078600	-1.23863
1078800	-1.98655
1079000	-0.7049
1079200	-1.31064
1079400	-0.717965
1080200	0.591873
1080400	-0.427525
1080600	-0.930628
1080800	-1.05295
1081000	-0.989745
1081200	-0.867733
1081400	-1.19926
1081600	-0.985015
1081800	-0.372149
1082000	0.302892
1082200	-1.09815
1082400	-0.882971
1082600	-1.17276
1082800	-1.60764
1083000	-1.94088
1083200	-1.32021
1083800	-2.39542
1084000	-1.24842
1084200	-1.13277
1084400	-0.45645
1084600	-1.29726
1084800	-1.8839
1085000	-1.54682
1085400	-1.95506
1085600	-1.05764
1085800	-1.12207
1086000	-1.54196
1086200	-1.73602
1086400	-1.42009
1086600	-1.61154
1086800	0.967356
1087000	-0.0847105
1087800	-1.05885
1088000	-1.28832
1088200	-1.21507
1088400	-0.844594
1088600	-0.484271
1088800	-0.781064
1089000	-0.732065
1089200	-0.024707
1089800	-1.70295
1090000	-1.40946
1090200	-1.43979
1090400	-0.318551
1090600	-1.06955
1090800	-1.45794
1091000	-1.42714
1091200	0.470243
1091400	-1.2452
1091600	-1.93436
1091800	-0.0295734
1092000	-0.454821
1092200	0.813439
1092400	-1.13315
1092600	-1.86475
1092800	-1.53811
1093000	-0.771685
1093200	-1.40652
1093400	0.771761
1094000	-1.50198
1094200	-1.01707
1094400	-1.81456
1094600	0.0301929
1094800	0.984153
1095000	-2.02085
1095200	-1.86167
1095400	-1.59729
1095600	-1.82426
1095800	-1.34634
1096000	-0.787274
1096200	1.1774
1096400	-1.20343
1096600	-1.35381
1096800	-1.25141
1097000	-0.532642
1097200	-0.869496
1097400	-1.40963
1098000	-1.34245
1098200	-1.05316
1098400	0.682336
1098600	-1.49038
1098800	-0.553511
1099000	-0.493411
1099200	-1.50807
1099400	-2.04465
1099600	-1.09928
1099800	-0.0396596
1100000	-1.54443
1100200	-2.1716
1100400	-1.83988
1100600	-1.35449
1100800	-1.71279
1101200	-2.04753
1101400	0.00896079
1101600	-1.74113
1101800	-0.828533
1102000	-1.57694
1102200	-1.13054
1102400	-1.51572
1102600	-2.01345
1102800	-1.70462
1104400	-1.72796
1104600	-1.38919
1104800	-0.645216
1105000	-0.819484
1105200	-1.71169
1105400	-2.02113
1105600	0.305798
1105800	-1.45381
1106000	0.805129
1106200	-1.19242
1106400	-1.88955
1106600	-1.66727
1106800	-0.661222
1107000	-0.514372
1107200	-0.156015
1107400	-0.844344
1107600	-1.50565
1107800	-0.734055
1108000	0.477889
1108200	-0.0583611
1108400	-0.675637
1108600	0.70767
1108800	-0.189754
1109000	-1.3304
1109200	-1.38559
1109400	-1.60221
1109600	-1.38572
1109800	-1.14307
1110000	-2.20439
1110200	-1.24167
1110400	-1.22958
1110600	-0.494756
1110800	-0.561149
1111000	-1.92399
1111200	-0.255497
1111400	-1.39356
1111600	-0.119602
1111800	-1.34494
1112000	-1.28439
1112200	-1.30796
1112400	-0.401082
1112600	-1.06929
1112800	-1.58045
1113000	-0.373665
1113200	-2.27568
1113400	1.38987
1113600	2.75935
1113800	0.411684
1114000	0.460043
1114200	1.11098
1114400	0.815365
1114600	-0.90801
1114800	-1.15382
1115000	-1.42203
1115200	-1.37227
1115400	-1.51406
1115600	-1.54436
1115800	-1.37603
1116000	-1.03826
1116800	-1.74088
1117000	-0.891041
1117200	-0.654889
1117400	-1.68994
1117800	-0.280109
1118000	-1.99638
1118400	-1.59777
1118600	-2.11623
1118800	-1.20495
1119000	-0.299808
1119400	-1.16699
1119600	-1.20577
1119800	-1.2598
1120000	-0.2708
1120200	-1.74793
1120400	-1.47596
1120600	-1.205
1120800	-1.2885
1121000	0.118813
1121200	0.862125
1121400	-1.73743
1121600	-1.70074
1121800	-2.08569
1122000	-0.203308
1122200	2.12825
1122400	2.80867
1122600	-0.998155
1122800	-1.99978
1123200	-1.64414
1123400	-1.95676
1123600	-1.70801
1123800	-1.67575
1124000	-1.3654
1126200	-1.14879
1126400	-0.516583
1126600	-2.07432
1126800	-1.41764
1127000	-0.450656
1127200	-1.44389
1127400	-1.74812
1127600	-2.00279
1127800	-0.380084
1128000	-2.27818
1128200	-0.804938
1128400	-0.934283
1128600	-0.407153
1128800	-0.474867
1129400	-1.38374
1129600	-2.01615
1129800	-1.28753
1130000	-0.943759
1130400	-1.37492
1130600	-1.96845
1130800	-1.56203
1131000	-2.36048
1131200	-2.24845
1131400	-1.50031
1131600	-1.23237
1131800	-1.76714
1132000	-1.50725
1132200	-0.559448
1132400	-1.55815
1132600	-1.91878
1132800	-1.746
1133000	-2.14801
1133200	3.18781
1133400	0.142991
1133600	0.0805176
1133800	-0.601477
1134000	-0.418417
1134200	-1.47755
1134400	-0.961334
1134600	0.390538
1137400	-0.119037
1137600	-1.16636
1137800	-0.761735
1138000	0.0844952
1138200	-1.38825
1138400	-0.535667
1138600	-0.226855
1139000	-0.544922
1139200	-0.57621
1139400	-1.27252
1139600	-1.54219
1139800	-1.32696
1140000	-0.946642
1140200	-1.1014
1140400	-0.513771
1140600	-1.34548
1140800	0.487608
1141200	-0.329707
1141400	-1.76349
1141600	-1.75779
1141800	-0.90801
1142000	-1.02905
1142200	-1.14504
1142400	-2.21532
1142600	-1.22083
1142800	-1.77426
1143000	-1.9992
1143200	-1.56338
1143400	-0.941349
1143600	-0.364377
1143800	-0.0745762
1144000	-1.43795
1144200	-1.73617
1144400	-1.13185
1144600	-2.26068
1144800	-2.21131
1179000	-0.90801
1179200	-0.90801
1179400	-1.55926
1179600	-0.591749
1179800	0.195972
1180000	-1.33225
1180200	-1.21772
1180400	-1.57488
1180600	-1.15836
1180800	-2.10318
1181000	-1.11948
1181200	-1.32763
1181600	-1.13993
1181800	0.687655
1182000	-0.419828
1182200	-1.74529
1182400	-1.30577
1182600	-0.786452
1182800	0.0624918
1183000	-0.306043
1183200	-0.41593
1183400	2.23027
1183600	-0.263471
1183800	-0.485234
1184000	-1.70081
1184200	-1.14355
1184400	-1.12647
1184800	-1.55957
1185000	0.583599
1185200	-1.20969
1185400	0.270164
1185600	-0.535362
1185800	0.153168
1186000	0.318056
1186200	1.00965
1186400	-0.200082
1186600	-1.98969
1186800	-1.73673
1187000	-2.12311
1187200	-1.14304
1187400	-0.760537
1187600	-0.848412
1187800	0.444505
1188000	-0.774624
1188200	-0.565059
1188400	0.202892
1188600	-0.385688
1188800	-1.27007
1189000	-1.69547
1189600	-1.72628
1189800	-0.292325
1190000	-0.923717
1190200	0.403189
1190400	-1.50546
1190600	-0.746625
1190800	-0.292704
1191000	-1.84986
1191200	-1.68197
1191400	-0.287233
1191600	-0.44906
1191800	-1.65344
1192000	-1.11719
1192200	-0.839929
1192400	-1.84689
1192600	-0.215388
1192800	-0.980317
1193000	-1.67289
1193200	-1.27257
1193400	-0.685304
1193600	-0.856244
1193800	-1.45169
1194000	-0.648628
1194200	-0.687087
1194400	-0.37262
1194800	-1.15186
1195000	-1.48401
1195200	-0.499021
1195400	-1.56521
1195600	0.766462
1195800	-0.828089
1196000	-0.742598
1196200	0.371
1196400	1.02943
1196600	2.21465
1196800	-0.858578
1197000	-0.499517
1197200	-0.560297
1197400	-0.460074
1197800	-2.10382
1198000	-0.90801
1198400	-1.10682
1198600	0.126425
1198800	1.1826
1199000	-1.96547
1199200	1.07168
1199400	-1.01878
1199600	-1.41453
1199800	-1.64135
1200000	-1.72932
1200200	-0.669287
1200400	-0.240938
1200600	-1.22398
1200800	-1.64792
1201000	-1.69858
1201200	-2.00254
1201400	-1.40379
1201600	-0.865225
1201800	-1.30305
1202000	-1.34357
1202200	-1.4658
1202400	-0.348209
1202600	-1.17759
1202800	-0.498244
1203000	-1.28723
1203200	-0.601892
1203400	-1.08035
1203600	-0.643452
1203800	-1.08908
1204000	-1.72781
1204200	-1.20641
1204400	-0.0731251
1204600	-0.44817
1204800	-1.79557
1205000	-0.805955
1205200	-0.556296
1205400	0.981381
1205600	-1.62452
1205800	0.738074
1206000	-0.893024
1206200	-1.33281
1206400	-1.13428
1206600	-0.625515
1206800	-1.57314
1207000	-1.70945
1207200	-0.152248
1207400	-1.29367
1207600	-0.266215
1207800	-0.647786
1208000	-0.684132
1208200	-0.610129
1208400	-1.13461
1208600	-1.59307
1208800	-1.80097
1209000	-0.427417
1209200	-1.87228
1209400	-1.96738
1209600	-1.47187
1209800	-1.11868
1210000	-1.29466
1210200	-0.594588
1210400	-0.895439
1210600	-1.39434
1210800	0.265925
1211800	-1.49231
1212000	-1.60323
1212200	-0.418213
1212400	-2.07374
1212600	0.587982
1212800	0.531272
1213000	-0.802897
1213200	-0.161982
1213400	-1.13896
1213600	-1.56064
1213800	-1.39065
1214000	0.862293
1214200	-1.75992
1214400	-0.666748
1214600	0.868258
1214800	-2.06694
1215000	0.0834724
1215200	-1.40412
1215400	-0.687805
1215600	-0.0403626
1215800	-0.414464
1216000	-0.677584
1216200	-0.627112
1216400	-0.326313
1216600	-1.20148
1216800	-1.71039
1217000	-1.45382
1217200	-0.208118
1217400	1.05119
1217600	-1.62384
1217800	-0.71708
1218000	-1.39713
1218200	-1.48739
1218400	-1.53794
1218600	-1.36553
1218800	-1.66579
1219200	-1.39961
1219400	0.00917414
1219600	-0.559171
1220600	-1.52385
1220800	-0.90801
1221000	-1.34465
1221200	-0.92008
1221400	-1.13402
1221600	-0.939928
1221800	-0.45563
1222000	-1.579
1222200	-1.4265
1222400	-1.80136
1222600	-1.2035
1222800	0.365202
1223000	-1.46467
1223200	-1.65787
1223400	-1.6812
1223600	-0.0725864
1223800	1.29642
1224000	-1.36496
1224200	0.481492
1224400	1.05132
1224600	-1.82106
1224800	-0.309929
1225000	-1.17882
1225200	-1.89949
1225400	-2.35478
1225600	-1.61824
1225800	-0.96099
1226000	-1.55415
1226200	-1.85167
1226400	-1.50967
1226600	-1.625
1226800	-1.80426
1227000	-1.02871
1227200	-1.66159
1227400	-1.85422
1227600	-0.511555
1227800	-1.89929
1228000	-0.0546746
1228200	-1.39773
1228400	-0.283918
1228600	-0.782058
1228800	0.760939
1229000	0.611753
1229200	0.492294
1229400	-1.33074
1229600	-0.292625
1229800	0.901571
1230000	0.723324
1230200	-0.495846
1230400	0.347191
1230600	-0.772339
1230800	-0.577102
1231000	-0.119037
1231200	-0.729601
1231400	-1.08164
1231600	-1.20911
1231800	-1.87179
1232000	-0.494402
1232200	-0.223758
1232400	0.375896
1232600	-1.14266
1232800	-0.00129525
1233000	-0.847846
1233200	-0.52755
1233400	-0.15837
1233600	-0.15504
1233800	-1.28141
1234000	-1.18003
1234200	0.536236
1234400	0.772956
1234600	-0.566676
1234800	-1.49821
1235000	-1.38053
1235200	-0.44532
1235400	0.282563
1235600	-0.0229277
1235800	0.0354291
1236000	0.473869
1236200	-0.610541
1236400	-1.00192
1236600	1.38514
1236800	-0.722864
1237000	-1.02117
1248400	0.458918
1248600	0.963763
1248800	0.791993
1249000	0.619289
1249200	-0.222394
1249400	-0.512224
1249600	-1.71206
1249800	0.940376
1250000	2.2455
1250200	0.233589
1250400	-1.084
1250600	0.289587
1250800	-0.44233
1251000	-0.869496
1251800	2.07376
1252000	-0.827912
1252200	-1.56256
1252400	-0.414054
1252600	-1.48823
1252800	1.1198
1253200	-1.93954
1253400	-0.471923
1253600	-1.09781
1253800	-0.660785
1254000	-1.73395
1254200	-1.21502
1254400	-0.202569
1254600	-1.07951
1254800	-0.413833
1255000	-1.88039
1255200	-1.17728
1255400	-1.0296
1255600	-1.51375
1255800	0.00978658
1256000	-1.37101
1256200	-1.84578
1256400	-1.63044
1256600	-0.870177
1256800	-0.92328
1257000	-1.52028
1257200	-1.42814
1257400	-1.14849
1257600	-1.8974
1257800	-1.42605
1258000	-0.742385
1258200	-1.52152
1258400	-0.859567
1258600	-0.802487
1258800	1.27142
1259000	-1.64601
1259200	-0.0494068
1259400	-1.5875
1259600	-0.721814
1259800	-1.61787
1260000	0.234654
1260200	-0.279522
1260400	-1.1459
1260600	-1.61104
1260800	-1.10963
1261000	-0.365751
1261200	-0.111481
1261400	-0.0538356
1261600	-0.31141
1261800	-0.909912
1281600	-1.04302
1281800	-1.09295
1282000	-1.92515
1282200	-0.68508
1282400	-1.37774
1282600	-0.7168
1282800	-0.168413
1283000	-0.520145
1283200	-0.622081
1283400	-1.66083
1283600	-0.557824
1283800	-1.45258
1284000	0.59621
1284200	-1.61269
1284400	-0.51084
1285600	-0.831234
1291800	-1.14532
1292000	-0.804418
1292200	-1.0742
1292400	-1.26659
1292600	-1.17759
1292800	-1.41843
1293000	-1.35052
1293200	-1.52306
1293400	-2.04103
1294200	-0.321086
1294400	-1.13471
1294600	-0.624054
1294800	0.0874021
1295000	-0.941299
1295200	-1.29634
1295400	-1.00473
1295600	0.780879
1295800	-1.84375
1296000	0.507581
1296200	-0.932228
1296400	-1.32839
1296600	-0.36256
1296800	1.99251
1297000	-0.453066
1297200	2.07752
1297400	1.94348
1297600	-1.50288
1297800	-1.44482
1298000	-1.11751
1298200	1.51315
1298400	2.7774
1298600	-0.445108
1298800	-0.844822
1299000	-0.549543
1299200	-1.13574
1299400	-0.902515
1299600	-1.39672
1299800	-1.02207
1300000	-1.11077
1300200	-0.708975
1300400	-0.0860788
1300600	-0.218626
1300800	-0.348907
1301000	-1.81879
1301200	-1.83408
1301400	0.0399763
1301600	0.422969
1301800	-1.73507
1302000	-1.01883
1302200	-2.15514
1302400	-1.09914
1302600	-1.71243
1302800	-1.23943
1303000	-1.03298
1303200	0.520047
1303400	-1.43595
1303600	0.11913
1303800	-1.11147
1304000	-0.169991
1304200	-1.42288
1304400	-0.757864
1304600	-0.831234
1305200	-0.95221
1305400	-1.53296
1305600	-1.22958
1305800	0.599726
1306000	1.71623
1306200	-1.50617
1306400	-1.80925
1306600	-1.47909
1306800	-0.702999
1307000	-0.647834
1307200	0.62406
1307400	-0.486044
1307600	-0.00825452
1307800	0.841191
1308000	-0.673069
1308200	-0.388543
1308400	-0.810747
1308600	-1.81879
1308800	-1.54936
1309000	-1.50463
1309200	-1.30461
1309400	-0.496076
1309600	-0.364359
1309800	-1.14702
1310000	-0.18728
1310200	-1.46779
1310400	-1.03906
1310600	-0.688158
1317400	-1.12351
1317600	-0.932203
1317800	-1.77926
1318000	-1.74984
1318200	-0.930359
1318400	-0.390644
1318600	-1.45204
1318800	-1.32884
1319000	-1.20241
1319200	-1.12839
1319400	0.69982
1319600	0.409004
1319800	1.47977
1320000	-1.29444
1320200	-2.3145
1320400	-1.43813
1320600	-1.19466
1321000	-1.23343
1321200	-1.10381
1321400	-1.12098
1321600	-1.54243
1321800	-0.90494
1322000	-1.22958
1322200	-1.34211
1322400	-1.47829
1322600	-1.54219
1322800	-0.633352
1323000	-0.843203
1323200	-1.84031
1323400	-1.86331
1323600	-1.3661
1323800	-1.19465
1324000	-1.40238
1324200	-1.06078
1324600	-1.40243
1324800	-0.601546
1325000	-0.200892
1325200	-1.12738
1325400	-1.40025
1325600	-2.35138
1325800	-1.36432
1326000	-1.71216
1326200	-0.641966
1326400	-1.6034
1326600	0.210879
1326800	-0.00615069
1327000	2.1798
1327200	1.63522
1327400	-0.242701
1327600	-1.46872
1327800	-0.56494
1328000	-0.316423
1328200	-1.53696
1328400	-1.3042
1328600	-0.432909
1328800	-1.84889
1329000	-1.33642
1329200	-1.66558
1329400	-0.609996
1329600	-1.60133
1329800	-1.79379
1330000	-0.120361
1330200	0.483498
1330400	0.347645
1330600	3.01321
1330800	-1.59521
1331000	-1.84177
1331200	-1.34601
1331400	-0.306068
1331600	-0.809524
1331800	-0.993377
1332000	-1.85242
1332200	-1.21957
1332400	-1.61266
1332600	-1.89205
1332800	-1.01073
1333000	-0.778132
1333200	-1.35921
1333400	-1.91185
1333600	-1.80666
1333800	-2.0044
1334000	-1.03279
1334200	-1.49924
1334400	-0.586303
1334600	-0.839707
1334800	-1.59662
1335000	-0.556942
1335200	0.93446
1335400	1.25659
1335600	-1.60803
1335800	-1.42502
1336000	-0.651257
1336200	-1.74234
1336400	-0.906397
1336600	-1.01144
1336800	-0.413678
1337000	0.909138
1337200	-1.06993
1337400	-0.502822
1337600	-1.39692
1337800	-1.54219
1338000	-1.15186
1338200	-1.3896
1338400	-1.28173
1338600	-1.47813
1338800	-1.2739
1339000	-1.98451
1339200	-0.633285
1339400	-0.425267
1339600	0.674957
1340200	-1.48337
1340400	-1.0295
1340800	-0.457541
1341000	-1.17706
1341200	1.60844
1341400	-0.927119
1341600	-0.222546
1341800	-1.25838
1342000	0.745553
1342200	1.39476
1342400	0.0960508
1342600	0.249976
1342800	0.446335
1343000	0.949555
1343200	0.743033
1343400	-0.940783
1343600	0.374648
1343800	-0.47453
1344000	-0.62969
1344200	-0.757705
1344400	-0.898004
1344800	0.9019
1345000	-1.21948
1345200	0.503994
1345400	-0.721567
1345600	-0.710189
1345800	-1.05509
1346000	-2.31511
1346200	-1.02403
1346400	-0.787069
1346600	0.127172
1346800	-0.414826
1347200	0.219715
1347400	-1.32586
1347600	-0.608556
1348000	-0.831234
1348200	-0.274114
1348400	-1.36962
1348600	-1.56302
1348800	-1.81761
1349000	-0.619138
1349200	-1.51071
1349400	-0.732368
1349800	-0.875219
1350000	-1.06636
1350200	-1.33189
1350400	-0.637833
1350600	-1.68827
1350800	-0.322089
1351400	-0.792047
1351600	-1.1072
1351800	-2.29828
1352000	-2.0108
1352200	-2.48696
1352400	-1.89301
1352600	-1.07914
1352800	-1.25386
1353000	-0.525713
1353200	-0.661892
1353400	-1.49043
1353600	-1.72093
1353800	-0.995253
1354000	-0.633626
1354200	-1.36937
1354400	-0.551342
1354600	-1.98983
1354800	-2.53238
1355000	-1.2133
1355200	-1.26683
1355400	-1.97118
1355600	-1.135
1355800	-1.78541
1356000	-1.28027
1356200	-0.554884
1356400	-1.23279
1356600	1.33926
1356800	1.82601
1357000	-0.32635
1357200	-1.16948
1357400	1.21194
1357600	0.804759
1357800	-0.72391
1358000	-0.653595
1358200	-0.915669
1358400	-0.788654
1358600	-1.31236
1358800	0.0471989
1359000	-0.879379
1359200	-0.728769
1359400	-1.27565
1359600	-1.70913
1359800	-0.891523
1360000	-1.37555
1360200	-0.858424
1360400	-0.0819677
1360600	-0.0940283
1360800	-1.31385
1361000	-0.214771
1361200	-1.59445
1361400	-0.645981
1361600	-1.78894
1361800	-1.58253
1362000	0.123609
1362200	1.00741
1362400	-1.29952
1362600	-1.84931
1363200	-1.52506
1363400	-1.07414
1363600	0.107748
1363800	-1.05534
1364000	-1.61554
1364200	0.342771
1364400	-0.833812
1364600	-1.09988
1364800	-1.64307
1365000	-1.12002
1365200	-1.05995
1365400	-0.933436
1365600	-0.761497
1365800	-1.0423
1366000	-0.389129
1366200	-1.89218
1366400	-0.622737
1366600	-0.405289
1366800	-0.335332
1367000	-0.869496
1367200	-1.23369
1367400	-1.02251
1367600	-1.51454
1367800	-1.54464
1368000	-1.17578
1368200	-1.49997
1368400	-1.36116
1368600	-1.04827
1368800	-1.4546
1369000	-1.09932
1369200	-1.71338
1369400	-1.12903
1369600	-0.936123
1369800	-0.435179
1370000	-1.83131
1370200	-0.664531
1370400	1.30977
1370600	-0.162515
1370800	-0.509459
1371000	-0.311445
1371200	1.25536
1371400	0.950757
1371600	0.123739
1371800	1.49693
1372000	0.850313
1372200	0.0429066
1372400	0.26417
1372600	0.028327
1372800	0.183804
1373000	-0.921172
1373200	0.517732
1373400	-1.04985
1374000	-1.5194
1374200	-2.00558
1374400	-1.30456
1374600	0.0226884
1374800	-0.665857
1375000	-0.600215
1375200	1.18081
1375400	0.761537
1375600	0.249557
1375800	0.993928
1376000	-0.55254
1376200	-1.2256
1376400	0.188351
1376600	0.151704
1376800	-0.43871
1377000	-0.464003
1377200	-0.999639
1377400	-1.04634
1379200	-0.679753
1379400	-1.94611
1379600	-0.588447
1379800	-1.37745
1380000	-0.320851
1380200	-1.77353
1380400	-1.91085
1380600	-1.04301
1380800	-1.5259
1381000	-1.72774
1381200	-2.19484
1381400	-0.476193
1381600	-1.46422
1381800	-0.593941
1382000	-1.33914
1382200	-1.44694
1382400	-1.68602
1382600	-0.731367
1382800	-1.79009
1383000	-1.39434
1383200	-1.42671
1383400	-0.55756
1383600	-0.543153
1383800	-1.82162
1384000	-0.528942
1384200	-0.203195
1384400	-0.909117
1384600	-1.48968
1384800	-0.683539
1385000	-0.59519
1426000	-1.02505
1426200	-0.0131627
1426400	-1.01841
1426600	-1.67395
1426800	-1.44696
1427000	-0.161934
1427200	-0.616103
1427400	-1.30399
1427600	-0.90801
1427800	-0.319463
1428200	-0.41178
1428400	-0.659078
1428600	-1.29821
1428800	-1.4999
1429000	-1.28544
1429200	-1.85357
1429400	-1.81879
1429600	-1.17568
1429800	-1.39217
1430000	-1.18814
1430200	-0.825837
1430400	0.358657
1430600	-0.85288
1430800	-1.00108
1431000	-1.2035
1431200	-1.16947
1431400	-1.26529
1431600	-0.299947
1431800	-1.1494
1432000	-1.5562
1432200	-0.484224
1432400	-1.59307
1432600	0.000996681
1432800	-1.81796
1433000	-1.01518
1433200	-0.522729
1433400	-1.45171
1433600	-0.164834
1433800	-0.860436
1434000	0.126785
1434200	-1.40806
1434400	-1.00458
1434600	-0.51078
1434800	0.720201
1435000	-0.576546
1435200	-0.786561
1435600	-0.119037
1435800	-1.50838
1436000	-1.30639
1436200	-1.26389
1436400	-1.83184
1436600	-1.26635
1436800	-1.63894
1437000	-1.86793
1437200	-0.376339
1437400	-0.971718
1437600	-2.22147
1437800	-1.79587
1438000	-1.47501
1438200	-0.285672
1438400	-1.50804
1438600	-2.04863
1438800	-1.77037
1439000	-1.26257
1439200	-0.69852
1439400	0.263871
1439600	-1.65505
1439800	-1.57118
1440000	-1.17704
1440200	-1.48981
1440400	1.29111
1440600	-1.44783
1440800	-1.2035
1441000	3.65519
1441200	0.0494182
1441400	-0.953963
1441600	2.17958
1441800	0.687825
1442000	0.767747
1442200	0.811973
1442400	-1.36737
1442600	-1.17268
1442800	-1.33421
1443000	0.902859
1443200	-0.671336
1443400	-1.53867
1443600	-0.316535
1443800	-2.01387
1444000	-1.52676
1444200	-0.73933
1444400	-1.10057
1444600	-0.79969
1444800	-1.6576
1445000	-1.28602
1445200	-0.891423
1445400	-1.53432
1445600	0.118946
1445800	0.387256
1446000	-0.965988
1446200	-0.593565
1446400	-1.99751
1446600	-1.18384
1446800	-1.55282
1447000	-1.52973
1447200	-1.03092
1447400	-0.237006
1447600	-1.10612
1447800	-1.17395
1448000	-0.462436
1448200	-0.346343
1448400	1.9616
1448600	3.70046
1448800	-0.695593
1449000	-1.12929
1449200	-0.982797
1449400	-1.11309
1449600	-0.684868
1449800	-2.0151
1450000	-0.81729
1450200	-1.576
1450400	2.56882
1450600	1.24254
1450800	-0.588526
1451000	-1.22179
1451200	-0.637908
1451400	-1.17511
1451600	-0.913917
1451800	-1.53743
1452000	-1.09872
1452200	-1.51638
1452400	-1.86079
1452600	-1.45863
1452800	-0.672294
1453000	-1.55727
1453200	-2.12412
1453400	-2.31155
1453600	-0.475148
1453800	0.926314
1454000	1.06346
1454200	0.956658
1454400	-0.586413
1454600	1.66488
1454800	1.29703
1455000	-0.195346
1455200	-0.0300361
1455400	-0.559033
1455600	-1.21213
1455800	-0.85912
1456000	-1.16596
1456200	-0.564405
1456400	-0.348329
1456600	-1.7154
1456800	-0.983243
1457000	-0.946652
1457200	-1.89112
1457400	-1.40714
1457600	-0.488975
1457800	-0.820264
1458400	0.00642581
1458600	-0.5009
1458800	-0.898784
1459000	0.522534
1459200	-1.14956
1459400	-1.54157
1459600	-1.03982
1459800	-0.35017
1460000	-0.00720706
1460200	0.992265
1460400	1.23728
1460600	-0.363835
1460800	2.3122
1461000	2.41705
1461200	1.28111
1461400	-0.3784
1461600	1.18111
1461800	1.71634
1462000	-0.997152
1462200	-1.66424
1462400	-0.447774
1462600	0.854358
1462800	0.402756
1463000	0.0520171
1463200	0.146953
1463400	-1.36674
1463600	-1.15546
1463800	-0.772119
1464000	-1.30478
1464200	-1.00561
1464400	0.776622
1464600	-1.28354
1464800	1.05705
1465000	-0.596925
1465200	-1.29422
1465400	-1.40605
1465600	-1.60409
1465800	-0.836699
1466000	-0.860564
1466200	-0.195935
1466400	-1.28106
1466600	-0.739842
1466800	-0.620551
1467000	-1.35551
1467200	-0.90801
1467400	0.327011
1467600	-0.758794
1467800	-0.526688
1468000	-0.975666
1468200	-1.21392
1468400	-0.771769
1468600	-1.14321
1468800	-0.824343
1469000	0.139827
1469200	-0.965354
1469400	-1.15222
1469600	-1.67678
1469800	-0.869525
1470000	-0.620502
1470200	-0.540371
1470400	-0.0615661
1470600	-1.34839
1470800	-1.50531
1471000	-0.90801
1471200	-0.608574
1471400	-0.476599
1471600	-1.30577
1471800	0.00967246
1472000	-1.69511
1472200	-0.725825
1472600	-1.44835
1472800	1.90144
1473000	-0.306915
1473200	-0.287785
1473400	0.761235
1473600	-0.57031
1473800	0.214237
1474000	-1.28415
1474200	-1.86317
1474400	-1.55926
1474600	-1.00808
1474800	-0.122188
1475000	-1.63886
1475200	-1.37122
1475400	-0.932407
1475600	-0.373873
1475800	-0.955961
1476000	-0.560031
1476200	0.17923
1476400	-0.723494
1476600	0.0236789
1476800	-0.4242
1477000	0.719522
1477200	-0.736163
1477400	-0.526877
1477600	1.38201
1477800	-1.51807
1478000	-1.63744
1478200	-0.128186
1478400	-1.28288
1478600	-1.68035
1478800	-0.752224
1479000	-1.17759
1479200	-1.92159
1479400	0.232083
1479600	0.346507
1479800	-1.52278
1480000	-0.858419
1480200	-1.1207
1480400	-1.14321
1480600	-1.40761
1480800	-1.2336
1481000	-1.45238
1481200	-1.0002
1481400	-0.776193
1481600	-1.01785
1481800	-1.09118
1482000	-1.79934
1482200	-0.526298
1482400	-0.276282
1482600	-0.537862
1482800	-0.194146
1483000	-0.0301223
1483200	-1.46611
1483400	-1.15043
1483600	-1.48973
1483800	-1.71154
1484000	-1.17947
1484200	-0.485962
1484400	1.11636
1484600	-0.829063
1484800	-1.83234
1485000	-1.4437
1485200	-1.25779
1485400	-1.77928
1485600	-0.275976
1485800	-0.633445
1486000	-0.511244
1486200	-1.01828
1486400	-0.48808
1486600	-1.35615
1486800	-1.46809
1487000	0.00423543
1487200	-1.73645
1487400	-1.34362
1487600	-1.47917
1487800	-0.0950748
1488000	-1.4298
1488200	0.140843
1488400	-0.577349
1488600	0.0628492
1488800	0.409212
1489000	-1.01606
1489200	0.552205
1489400	0.0900417
1489600	-1.3843
1489800	-0.927289
1490000	-1.26949
1490200	-0.0377382
1490400	-1.65283
1490600	-0.201748
1490800	-0.22806
1491000	-1.21693
1491200	-0.258892
1491600	-1.68054
1491800	-0.50907
1492000	-1.8229
1492200	-1.36745
1492400	-1.79364
1492600	-0.10515
1492800	1.07014
1493000	-0.178351
1493200	-0.328918
1493400	-1.47066
1493600	-1.31234
1493800	-0.240154
1494000	-0.549848
1494200	-1.576
1494400	-0.10446
1494600	-1.18633
1494800	-1.38572
1496200	-1.65147
1496400	-0.582986
1496600	-1.38674
1496800	-0.245065
1497000	-1.46917
1497200	-1.11557
1497400	-1.26374
1497600	-1.48709
1497800	-1.30934
1498000	0.321104
1498200	-1.06204
1501200	-1.38559
1501400	-1.5536
1501600	-0.863386
1501800	-1.07568
1502000	-1.00755
1502200	-1.09856
1502400	-0.576204
1502600	1.48847
1502800	0.100841
1503000	1.82576
1503200	-0.148499
1503400	-0.843825
1503600	-0.628157
1503800	-1.84384
1504000	0.221328
1504200	-0.553647
1504400	-1.65331
1504600	-1.92679
1504800	-1.26854
1505000	-0.809344
1505200	-0.472626
1505400	-1.39276
1505600	0.994491
1505800	-1.1473
1506000	-1.05383
1506200	-1.50179
1506400	0.0708373
1506600	-1.57416
1506800	-0.876238
1507000	-0.24165
1507200	-0.540734
1507400	-1.10845
1507600	-0.948873
1507800	-0.809524
1508000	-0.503572
1508200	-0.823866
1508400	0.608743
1508600	-0.391219
1508800	-1.11645
1509000	-0.39529
1509200	-1.69823
1509400	-0.48071
1509600	-0.200962
1509800	2.53451
1510000	2.06759
1510200	-0.671475
1510400	-1.7461
1510600	0.308165
1510800	1.61913
1511000	0.627604
1511200	1.06078
1511400	-0.906592
1511600	-1.59112
1511800	1.87641
1512000	1.45225
1512200	-1.48807
1512400	-0.824727
1512600	-0.0690553
1512800	-1.24859
1513000	-2.30183
1513200	-0.350924
1513400	-1.18013
1513600	0.137407
1513800	-0.984601
1514000	-2.4384
1514200	-1.54018
1514400	0.648562
1514600	-1.17655
1514800	-1.49676
1515000	-0.605375
1515200	-0.535179
1515400	-1.22
1515600	-0.936495
1515800	-1.576
1516000	-1.02575
1516400	-0.760727
1516600	-1.74843
1516800	-1.27989
1517000	-0.872535
1517200	-1.19372
1517400	-0.851396
1517600	-0.827066
1518000	0.395665
1518200	-1.24693
1518400	-1.02501
1518600	-1.0424
1518800	0.17422
1519000	0.186173
1519200	-0.198454
1519400	0.00136194
1519600	-0.115999
1519800	-1.13028
1520000	1.49414
1520200	0.0547801
1520400	-0.621069
1520600	-0.931215
1520800	-1.43048
1521000	-1.35115
1521200	-0.6043
1521400	-0.997647
1521600	0.10456
1521800	-1.02577
1522000	-1.30443
1522200	0.111269
1522400	-0.791565
1522600	-1.71945
1522800	-1.72647
1523000	-1.22298
1523200	-1.7239
1523400	-1.10022
1523600	-1.71178
1523800	-1.22958
1524200	1.04641
1524400	-0.936382
1524600	0.559136
1524800	0.302234
1525000	-1.46267
1525200	-0.771438
1525400	-1.12974
1525600	-1.53357
1525800	-1.43425
1526000	-0.926954
1526200	-1.87709
1526400	-1.47456
1526600	-1.2452
1526800	0.862902
1527000	0.245382
1527400	-1.69647
1527600	-1.73419
1528000	-0.90801
1528200	-2.22473
1528400	-1.97487
1528600	-1.46626
1528800	-1.50513
1529000	-1.13825
1529200	-2.15729
1529400	-0.995599
1529600	1.32296
1529800	-0.60403
1530000	-0.890497
1530200	-1.41562
1530400	-1.58173
1530600	-1.62663
1530800	0.772794
1531600	1.68872
1531800	-1.79963
1532000	-0.414574
1532200	-1.0012
1532400	-1.22235
1532600	-1.71531
1532800	-1.33325
1533200	-1.43562
1533400	-0.813054
1533600	-1.55926
1533800	-0.528474
1534000	-0.735348
1534200	-1.07668
1534400	-1.74847
1534600	1.59832
1534800	-1.66569
1535000	-0.527942
1535200	-0.90801
1535400	0.411092
1535600	-0.968401
1535800	-0.609164
1536000	-0.821597
1536200	-1.16229
1536400	2.24041
1536600	-1.27272
1537000	-1.59608
1537200	-0.281574
1537400	-0.390549
1537600	-1.23106
1537800	-1.33898
1538000	-1.46979
1538200	-0.878858
1538400	-1.9109
1538600	-1.28532
1538800	-0.834136
1539000	-1.43394
1539200	-0.935191
1539400	-0.152174
1539600	-0.561811
1539800	-0.841093
1540000	-1.80921
1540200	-1.38599
1540400	-0.90801
1540600	0.650567
1540800	-0.425245
1541000	-0.19149
1541200	-0.0724342
1541400	-1.57059
1541800	0.229612
1542000	0.935505
1542200	-0.0833497
1542400	-1.50188
1542600	-1.03989
1542800	-1.33574
1543000	-0.915838
1543200	-0.741304
1543400	-0.643714
1543600	0.533432
1543800	-0.331934
1544000	1.4742
1544200	-0.357713
1544400	-0.839356
1544600	1.09445
1544800	0.0406852
1545000	-1.31129
1545200	1.27433
1545400	-0.446468
1545600	-1.21785
1545800	-0.223658
1546000	-0.910598
1546200	-0.577047
1546400	-0.630981
1546600	-2.10834
1546800	-1.70287
1547000	-1.33445
1547200	0.127726
1547400	-0.979686
1547600	-1.23447
1547800	-1.26525
1548000	-0.203092
1548200	-1.6078
1548400	-0.818546
1548600	-1.39192
1548800	-2.01503
1549000	-1.72626
1549200	-1.61576
1549400	-1.79592
1549600	-0.838256
1549800	-0.848004
1550000	-0.247749
1550200	-0.226948
1550400	-0.948523
1550600	-0.655856
1550800	-0.0299198
1551000	-0.771536
1551200	-2.03313
1551400	-1.14501
1551600	-1.17759
1551800	-1.28544
1552000	-0.582016
1552200	-0.834449
1552400	-0.119037
1552600	-0.0194233
1552800	-1.58217
1553000	-1.2003
1553200	-1.23057
1553400	-1.26598
1553600	-1.68603
1553800	-0.18436
1554000	-0.594172
1554200	1.00559
1554400	0.163303
1554600	-1.03133
1554800	-1.20672
1555000	-0.965256
1555200	-1.65171
1555400	-1.34601
1555600	-1.38599
1555800	-1.32053
1556000	-0.523736
1556400	-0.921176
1556600	1.26718
1556800	-1.84826
1557000	-0.605611
1557200	-1.6516
1557400	-0.803302
1557800	-0.495576
1558000	-1.15724
1558200	-1.68045
1558400	-1.19441
1558600	-0.386902
1558800	-1.51502
1559000	-1.61352
1559200	-1.4308
1559400	-1.28753
1559600	-0.811755
1559800	-0.438316
1560000	-1.45955
1560200	-1.1622
1560400	-1.30085
1560600	-1.02777
1560800	-1.55904
1561000	-1.75949
1561200	2.66483
1561400	0.815365
1561600	1.65119
1561800	-1.17759
1562000	-1.1009
1563600	0.0620021
1563800	-0.936317
1564000	0.643567
1564200	0.0593009
1564400	-1.2596
1564600	-1.17759
1564800	-0.501238
1565000	-0.941603
1565200	-1.33951
1565400	-1.60858
1565600	-1.13965
1565800	-1.56386
1566000	-1.36426
1566400	-0.670258
1566600	-0.60769
1566800	-0.192698
1567000	-1.82437
1567200	-1.19516
1567400	-1.7339
1567600	-1.01587
1567800	-1.02318
1568000	-1.77644
1568200	-0.128183
1568400	-1.57863
1568600	-0.856377
1568800	-1.94501
1569000	-1.44254
1569200	-1.02228
1569400	-1.22734
1569600	-1.35424
1569800	-1.46574
1570000	-0.138366
1570200	0.670776
1570800	-1.2035
1571000	-0.899263
1571200	-1.17759
1571400	-1.30496
1571600	-1.36553
1571800	-0.984638
1572000	-0.793357
1572200	-0.28028
1572400	-0.15564
1572600	-1.19628
1572800	1.00481
1573000	-0.588748
1573200	-0.633304
1573400	-1.59307
1573600	-1.21674
1573800	0.213415
1574000	-1.28477
1574200	-0.418117
1581800	-0.474874
1582000	-1.09524
1582200	0.545603
1583600	-1.45152
1583800	-0.955223
1584000	-0.106263
1584200	-0.258363
1584400	-1.74731
1584600	-0.402878
1584800	-1.40829
1585000	-1.4248
1586200	1.19602
1586400	0.814741
1586600	-1.01465
1586800	-0.0971469
1587000	-0.544428
1587200	0.767283
1587400	0.347309
1587600	-0.397338
1587800	-0.90801
1588000	-0.593132
1588200	-0.553871
1588400	-0.20513
1595800	-0.574103
1596000	-1.01643
1596200	-0.347265
1596400	1.27831
1596600	0.889196
1596800	0.632979
1597000	1.28944
1597200	0.42847
1597400	0.230507
1597600	-1.01379
1597800	-0.149853
1598000	1.08249
1598200	-0.0431691
1598400	0.569377
1598600	0.390947
1598800	1.93639
1599000	1.43561
1599200	-0.502733
1599400	-1.11456
1599600	-0.629851
1599800	0.948146
1600000	0.793154
1600200	-0.168529
1600400	0.612709
1600600	-1.12119
1600800	0.810013
1601000	1.74369
1601200	0.315617
1601400	0.962148
1601600	-1.18183
1601800	0.945518
1602000	2.24071
1602200	-0.821415
1602400	0.30986
1602600	0.319394
1603000	-0.899419
1603200	-1.89118
1603400	1.13843
1603600	-0.545834
1603800	-0.696918
1604000	-0.402192
1606200	-1.75435
1606400	-0.187807
1606600	-1.0544
1606800	-0.132373
1607000	-0.802938
1607200	-0.0278739
1607400	-0.682039
1607600	1.19596
1607800	0.380053
1608000	1.72504
1608200	-0.479149
1608400	-1.92906
1608600	-0.501708
1608800	-1.26952
1609000	-1.42383
1609200	-1.0219
1609400	-1.70986
1609600	-1.49734
1609800	-0.686391
1610000	-1.38092
1610200	-1.35172
1610400	-0.433561
1610600	-0.846061
1610800	-1.1743
1611000	-1.79459
1611200	-0.275406
1611400	-1.48404
1611600	-1.16582
1611800	-1.18608
1612000	-1.00076
1612200	-0.539555
1612400	-1.5108
1612600	-1.80594
1612800	-0.760589
1613000	-1.25522
1613200	-1.64484
1614000	-1.58284
1614200	-1.44305
1614400	-2.1499
1614600	-2.25704
1614800	-0.973906
1615000	-1.08658
1615200	-1.31104
1615400	1.59524
1615600	1.64746
1615800	-0.491907
1616000	3.26299
1616200	0.599341
1616400	1.15616
1616600	-0.966127
1616800	0.574039
1617000	-0.817831
1617200	0.759072
1617400	0.399885
1617600	-0.234628
1617800	-0.783149
1618000	-0.622223
1618200	-2.11934
1618400	-0.61141
1618600	-1.05287
1618800	0.631867
1619000	-0.196563
1619200	0.39069
1619400	-0.67653
1619600	-0.133
1619800	-1.94158
1620000	-0.163759
1620200	-1.48726
1620400	-0.510229
1620600	-1.05427
1620800	-1.09802
1621000	0.0973133
1621200	-0.282568
1621400	-0.983171
1621600	-1.14828
1621800	-0.316732
1622000	-1.60504
1622200	-0.523481
1622400	-0.314059
1622600	2.11041
1622800	-0.945994
1623000	-0.470961
1623200	-0.859426
1623400	-0.702878
1623600	-1.83184
1623800	-1.70233
1624000	-1.01677
1624200	-1.29041
1624400	-2.12711
1624600	-1.54718
1624800	-0.813442
1625000	0.338708
1625200	-1.93739
1625400	-1.44417
1625600	-1.55893
1625800	-1.71636
1626000	0.948509
1626200	0.501665
1626400	-0.896373
1626600	-0.961073
1626800	0.789267
1627000	1.81736
1627200	1.13795
1627400	0.0778207
1627600	-0.0175398
1627800	0.193396
1628000	0.0855519
1628200	0.101079
1628400	-0.614799
1628600	-0.226848
1628800	-0.364244
1629000	0.753948
1629200	-0.023245
1629400	-0.576113
1629600	-0.877908
1629800	-1.73333
1630000	-0.917221
1630200	-1.6578
1630400	-1.31857
1630600	-1.03897
1630800	-1.97217
1631000	-1.64765
1631200	-1.61444
1631400	-1.33746
1631600	-0.401634
1631800	-1.67243
1632000	-1.0888
1632200	-1.57402
1632400	-1.4467
1632600	-1.39505
1632800	-1.71726
1633000	-1.82978
1633200	-0.860025
1633400	-0.0276247
1633600	-0.898805
1633800	-0.195527
1634000	-1.55813
1634200	-1.35439
1634400	-1.63865
1634600	-1.71578
1634800	-1.1394
1635000	-1.39259
1635200	-1.3003
1635400	-1.00827
1635600	-0.688043
1635800	-1.03597
1636000	-1.11311
1636200	-1.38369
1636400	-0.797247
1636600	-1.04637
1636800	-1.55028
1637000	-0.952666
1637200	0.625371
1637400	-2.18686
1637600	-1.18747
1637800	-1.05744
1638000	-0.782103
1638200	-0.492473
1638400	0.258584
1638600	-1.0622
1638800	-1.03399
1639000	-1.87322
1639200	-0.786948
1639400	-0.978597
1639600	-1.3918
1639800	-1.4265
1640000	0.0243691
1640200	-0.884575
1640400	-1.90488
1640600	-0.739671
1640800	0.649427
1641000	-1.12578
1641200	-1.8247
1641400	-0.72739
1641600	-1.09407
1641800	-1.4825
1642000	1.14642
1642200	1.89094
1642400	1.70723
1642600	-0.935741
1642800	-0.693273
1643000	-0.532597
1643200	-1.42828
1643400	-1.56508
1643600	0.145766
1643800	-0.629567
1644000	-1.03004
1644600	-0.448468
1644800	1.45068
1645000	0.453093
1645200	0.51363
1645400	-0.401699
1645600	-0.300684
1645800	-1.68136
1646000	-1.25856
1646200	-0.729747
1646400	-1.10033
1646600	-1.11536
1646800	-1.56961
1647000	-0.791017
1647200	-0.733514
1647400	-0.480701
1647600	-0.400405
1647800	-1.64222
1648000	-1.26942
1648200	-1.11163
1648400	-2.09023
1648600	-1.1738
1648800	-1.81676
1649800	-1.85802
1650000	-1.99832
1650200	-0.903245
1650400	-1.61439
1650600	-1.41721
1650800	-0.326622
1651000	-1.42631
1651200	-0.222463
1651400	-1.57795
1651600	-0.930647
1651800	-0.962794
1652000	-0.365547
1652200	-1.35238
1652400	-1.51775
1652600	-0.988871
1652800	1.02236
1653000	-0.142012
1653200	-1.37962
1653400	-1.03015
1653600	-0.936319
1653800	-0.344891
1654000	-0.592968
1654200	-0.964865
1654400	-1.31223
1654600	-0.975744
1654800	-0.853805
1655000	-0.151609
1655200	0.564847
1655400	0.342187
1655600	0.262849
1655800	0.368107
1656000	-0.66827
1656200	-0.93304
1656400	0.265395
1656600	1.02852
1657000	-0.599024
1657200	-0.524173
1657400	1.58558
1657600	0.592079
1657800	-0.214377
1658000	-0.358426
1658200	-0.0728459
1658400	-0.296406
1658600	-1.44999
1658800	-0.212534
1659000	-1.54157
1659200	-1.2366
1659400	-1.83793
1659600	-1.44996
1659800	-1.58271
1660000	-0.962814
1660200	-0.579152
1660400	-1.52174
1660600	-1.54456
1660800	-1.28491
1663800	-1.34426
1664000	-0.64941
1664200	-0.951602
1664400	1.4254
1664600	-0.0603163
1664800	-1.52536
1665000	-0.371291
1665200	-1.55382
1665400	0.154354
1665600	-1.74484
1665800	0.0615215
1666000	-0.485679
1666200	-0.10327
1666400	0.0991621
1666600	-0.776522
1666800	-0.888642
1667000	-0.756829
1667200	-0.769315
1667400	-1.68581
1667600	-1.2893
1667800	-1.4552
1668000	-1.08688
1668200	-1.91195
1668400	-1.23772
1668600	-1.05981
1668800	-1.40605
1669000	-0.98004
1669200	-1.28672
1669400	-1.59387
1669600	-1.1331
1669800	-1.53338
1670000	-1.04606
1670200	-1.34824
1670400	-0.408274
1670600	-1.82648
1670800	-1.08628
1671000	-2.04806
1671200	-0.0281659
1671400	-0.599506
1671600	-1.50737
1671800	-0.245732
1672000	-0.78087
1672200	-0.521818
1672400	-1.47276
1675200	-1.45827
1675400	-1.16852
1675600	-0.84229
1675800	-2.05263
1676000	-1.37106
1676200	-1.42382
1676400	-0.368348
1676600	-0.237593
1676800	-0.545108
1677000	-1.63035
1677200	-1.02821
1677400	-0.394099
1677600	-0.0783438
1677800	0.0652479
1678000	-1.82935
1678200	-0.835795
1678400	-0.815634
1678600	-1.20324
1678800	0.959192
1685600	-0.90801
1685800	-1.37351
1687000	-1.38152
1687200	-1.89631
1687400	-0.97324
1687600	-0.616683
1687800	-0.911529
1688000	-0.881653
1688200	-0.790445
1688400	-1.02549
1688600	-0.708745
1688800	-1.247
1689000	-0.866371
1689200	-1.41415
1689400	-1.6532
1689600	-1.59577
1689800	-1.49887
1690000	-1.68143
1690200	-1.20453
1690400	0.0902022
1690600	-1.43945
1690800	-1.36591
1691000	-1.16357
1691200	0.027802
1691400	-1.05327
1691600	-0.491738
1691800	-1.48508
1692000	0.216372
1692200	-0.98752
1692400	-0.682857
1692600	-0.805004
1692800	-0.341858
1693000	0.0327282
1693200	-1.41337
1693400	-2.01337
1693600	-1.79494
1693800	-1.22166
1694000	-0.740309
1694200	-1.85484
1694400	-0.769987
1694600	-0.369188
1694800	-0.588212
1695000	-1.45191
1695200	-1.95544
1695400	-1.8674
1695600	-0.578798
1695800	-1.3575
1696000	-0.917101
1696200	-1.33935
1696400	-1.5738
1696600	-0.736672
1696800	-1.95828
1697000	-1.79243
1697200	0.130753
1697400	-0.929413
1697600	-0.0990118
1697800	-1.19911
1698000	-1.26506
1698200	-1.28471
1698400	-1.78554
1698600	-1.78467
1698800	-1.63744
1699000	-1.46668
1699200	-1.33512
1700000	-0.972191
1700200	-0.733727
1700400	-0.639011
1700600	-0.532447
1700800	0.620459
1701000	-1.23256
1701200	-0.850579
1701400	-0.158601
1701600	-1.05108
1701800	-0.537265
1702000	-0.778175
1702200	-1.2782
1702400	-0.638094
1702600	0.0475068
1702800	-1.72399
1703000	-1.38962
1703200	0.692831
1703400	0.154675
1703600	-0.734759
1703800	-1.52229
1704000	-1.81716
1704200	-1.06131
1704400	0.469584
1704600	-1.03375
1704800	-0.0628372
1705000	0.578405
1705200	0.941358
1705400	0.701447
1705600	1.19713
1705800	-0.557245
1706000	-1.36242
1706200	-0.754325
1706400	-1.05123
1706600	-0.0791211
1706800	-1.3745
1707000	-0.352874
1707200	2.11537
1707400	0.728945
1707600	-0.0621545
1707800	0.301675
1708000	1.77915
1708200	-1.35311
1708600	-1.15716
1708800	-0.90801
1709000	-1.7649
1709200	-1.44832
1709400	-1.16034
1709600	-1.33254
1709800	-1.14445
1710000	-0.712992
1710200	-1.66125
1710400	-0.552959
1710600	-0.068164
1710800	-0.155849
1711000	-1.45426
1711200	-1.69839
1711400	-0.466672
1711600	-0.923166
1711800	-0.541302
1712000	-0.982748
1712200	-1.34592
1712400	-1.86998
1712600	-1.27781
1712800	-1.17867
1713000	-1.01924
1713200	-1.13324
1713400	-0.0416235
1713600	-0.716721
1713800	-0.406584
1714000	-1.24899
1714200	-0.134842
1714400	-0.802501
1714600	0.535454
1714800	-1.55394
1715000	-0.760519
1715200	-1.93896
1715400	-0.258471
1715600	-1.77975
1715800	-1.06463
1716000	-0.810221
1716200	-0.995621
1716400	-1.23301
1716600	-1.2829
1716800	-0.545371
1717000	-0.958837
1717200	-1.72527
1717400	-0.884939
1717600	-1.06039
1717800	-1.18117
1718000	1.19891
1718200	-1.88666
1718400	-0.450028
1718600	-0.84558
1718800	-0.731923
1719000	-0.408045
1719200	-0.205449
1719400	-2.07483
1719600	-0.851527
1719800	-0.238951
1720000	0.0697074
1720200	-0.222961
1720400	-0.724963
1720600	0.135306
1720800	-0.0544137
1721000	-1.50122
1721200	-1.43928
1721400	-2.26843
1721600	-1.70971
1721800	-0.27826
1722000	-1.39753
1722200	-1.58821
1722400	-0.930978
1722600	0.126195
1722800	-1.76123
1723000	-0.643994
1723200	-1.38223
1723400	-0.013684
1723600	-1.91321
1723800	-1.33606
1724000	-0.654768
1724200	-1.09921
1724400	0.392373
1724600	-1.26133
1724800	-0.539286
1725000	0.71141
1725200	-0.690591
1725400	-1.19446
1725600	-1.52174
1725800	-1.55893
1726000	0.427431
1726200	-1.0559
1726400	-0.185711
1727800	-1.27481
1728000	-1.07916
1728200	-1.41736
1728400	-1.22958
1728600	0.319394
1728800	-1.22596
1729000	-1.30781
1729200	-1.10414
1729400	-1.91835
1729600	-2.06637
1729800	-1.68105
1730000	-1.64889
1730200	1.68611
1730400	1.23329
1730600	-0.665575
1730800	-1.98853
1731000	-1.20622
1731200	-0.538729
1731400	-0.591943
1731600	-1.62675
1731800	-2.12147
1732200	-0.90801
1732400	0.0067877
1732600	-1.2576
1732800	-0.140527
1733000	0.530879
1733200	0.97736
1733400	0.426774
1733600	-0.386387
1733800	-0.226604
1734000	0.819836
1734200	1.62824
1734400	-0.0855727
1734600	-0.869596
1734800	1.78604
1735000	0.180143
1735200	-0.400946
1735400	0.518527
1735600	-0.143215
1735800	-1.67831
1736000	-0.251091
1736200	-0.285047
1736400	-0.664961
1736600	-0.254946
1736800	-0.0372775
1737000	0.0232254
1737200	0.191556
1737400	1.41325
1737600	-0.0173749
1737800	1.5937
1738000	0.0399046
1738200	-0.901975
1738400	-1.68025
1738600	-1.75383
1738800	-1.68984
1739000	-1.9803
1739200	-2.10391
1739400	-1.78622
1739600	0.98285
1739800	-1.7683
1740000	-0.909199
1740200	-1.08214
1740400	-2.06063
1740600	-0.72347
1740800	-1.33464
1741000	-0.278432
1741200	-0.736046
1741400	-1.50582
1741600	-0.600689
1741800	-0.643139
1742000	-0.776579
1742200	-0.581184
1742400	0.333165
1742600	-0.655127
1742800	-0.349318
1743000	-0.22326
1743200	-0.154984
1743400	-1.77413
1743600	-0.559307
1743800	-2.00571
1744000	-1.51725
1744200	-0.958017
1744400	-0.844478
1744600	-0.272129
1744800	-1.44062
1745000	-1.12192
1745200	-1.38659
1745400	-1.79092
1745600	-1.98996
1745800	0.465215
1746000	-1.22342
1746200	-2.09218
1746400	-0.320065
1746600	0.346612
1746800	-1.52254
1747000	-1.42077
1747200	-2.3516
1747400	-1.94628
1747600	1.87724
1747800	-1.16887
1748000	-1.26372
1748200	-0.912198
1748400	-0.844963
1748600	-0.339144
1748800	0.491206
1749000	-0.364451
1749200	0.539045
1749400	0.0230907
1749600	0.583893
1749800	3.36617
1750000	-0.619022
1750200	-0.10473
1750400	-0.569393
1750600	0.0820565
1750800	-0.593597
1751000	-0.297386
1751200	-0.855173
1751400	-1.6509
1751600	-0.762471
1751800	-0.578389
1752000	-0.604081
1752200	-0.56436
1752400	-0.654106
1752600	0.348791
1752800	-1.09003
1753000	-0.665503
1753200	-0.777932
1753400	-2.02038
1753600	-1.56946
1753800	-1.82233
1754000	-0.0854872
1754200	-1.65582
1754400	-1.2468
1754600	-1.50587
1754800	-1.97164
1755000	-0.814962
1755200	-0.402594
1755400	1.15194
1755600	2.15596
1755800	-0.384948
1756000	0.0174771
1756200	-1.19221
1756400	0.412474
1756600	1.47019
1756800	-0.209994
1757000	-0.985471
1757200	-1.47466
1757400	-1.1314
1757600	-0.881517
1757800	-1.18183
1758000	-1.192
1758200	-0.378301
1758400	3.21843
1758600	-0.216755
1758800	-1.41446
1759000	-1.20316
1759200	-1.4718
1759400	-0.13033
1759600	-0.32371
1759800	-1.49793
1760000	-1.13766
1760200	-1.53687
1760400	-1.34583
1760600	-0.222332
1760800	-2.05658
1761000	-1.17759
1761200	0.688465
1761400	-0.880163
1761600	-0.614536
1761800	-0.262679
1762000	-1.11527
1762600	-1.4363
1762800	-0.661638
1763000	-1.41675
1763200	-0.816349
1763400	0.341767
1763600	-1.57978
1763800	-0.639931
1764200	-0.870759
1764400	-0.404945
1764600	0.495592
1764800	-0.637246
1765000	-0.566207
1765200	-0.0161029
1765400	-1.3997
1765600	-1.45962
1765800	-0.90801
1766000	-1.7598
1766200	-0.140043
1766400	-0.410992
1766600	-1.06966
1766800	-1.63628
1767000	-0.242235
1767200	-0.139137
1767400	-1.24716
1767600	-1.07753
1767800	-1.54296
1768000	-0.340913
1768200	1.06426
1768400	-0.38976
1768600	-1.36423
1768800	0.482676
1769000	0.440274
1769200	2.76171
1769400	0.215986
1769600	2.18582
1769800	-0.277156
1770000	-0.659152
1770200	0.761523
1770400	1.85636
1770600	-0.278958
1770800	-1.18644
1771000	-1.44116
1771200	-0.406123
1771400	0.999327
1771600	0.946866
1771800	-1.01
1772000	1.88158
1772200	-0.357961
1772400	-1.56842
1772600	-1.9558
1772800	-1.62598
1773000	-0.393995
1773200	-0.646321
1773400	-1.49236
1773600	-1.26622
1773800	-0.966441
1774000	-0.1832
1774200	0.757603
1774400	0.597248
1774600	-0.871616
1774800	0.0593601
1775000	-1.14128
1775200	-1.34281
1775400	-0.982277
1775600	-1.13425
1775800	-0.627033
1776000	-0.940584
1776200	-1.48391
1776400	-0.90801
1776600	-1.19935
1776800	-0.891917
1777000	0.0912687
1777200	0.588805
1777400	-0.373636
1777600	0.873732
1777800	0.845815
1778000	0.951814
1778200	-1.51004
1778400	-1.64702
1778600	-0.230597
1778800	-1.42307
1779000	-1.59307
1779200	-1.43771
1779400	-0.570474
1779600	-1.07777
1779800	-1.0246
1780000	-0.856074
1780200	-1.20853
1780400	-0.110306
1780600	-1.65237
1780800	0.0737613
1781000	-1.33861
1781200	-0.787714
1781400	-0.831234
1781600	-0.515101
1781800	0.173458
1782000	-0.538575
1782200	-1.25103
1782400	-1.44842
1782600	0.056812
1782800	-0.871939
1783000	-1.41952
1783200	-1.79271
1783400	-0.214601
1783600	1.13014
1783800	-0.945029
1784000	2.02544
1784200	-0.890713
1784400	0.316574
1784600	0.119331
1784800	-0.17487
1785000	-0.210696
1785200	-0.0405385
1790600	-0.486748
1790800	-1.09683
1791000	-1.23517
1791200	-1.17603
1791400	0.0824803
1791800	-0.444217
1792000	-1.16954
1792200	-0.113832
1792400	0.160488
1792800	0.614258
1793000	2.01793
1793800	1.8145
1794000	-1.23352
1794200	-1.25637
1794400	-1.10191
1794600	-2.0358
1794800	-0.717965
1795800	0.272657
1796000	-0.714887
1796200	-1.94278
1796400	-1.47669
1796600	-1.0496
1796800	0.397357
1797000	1.36944
1797200	-1.537
1797400	-1.14718
1797600	-0.955905
1797800	-0.90801
1800000	-0.604677
1800200	-0.963818
1800400	-1.17378
1800600	1.62317
1800800	-0.201346
1801000	-0.928248
1801200	-1.40767
1801400	-0.325061
1801600	-0.314364
1801800	0.965154
1802000	-1.4265
1802200	-0.839868
1802400	-0.371266
1802600	1.27109
1802800	0.923807
1803000	-1.26271
1803200	-1.12578
1803400	-0.90801
1803600	0.328625
1803800	-1.04283
1804000	-1.27558
1804200	1.0107
1804400	-0.190159
1804600	-1.39882
1804800	-0.364756
1805000	-1.36749
1805200	-0.669909
1805400	-1.31016
1805600	-1.23109
1805800	1.37292
1806000	-0.710761
1806600	-0.701817
1807200	-0.551259
1807400	-1.16262
1807600	-1.12494
1807800	-1.19698
1808000	-1.21461
1808200	-1.61613
1808400	-0.462508
1808800	-0.221016
1809000	-1.46015
1809200	-0.804424
1809400	-1.42376
1809600	-1.34817
1809800	-0.359884
1810000	-0.537568
1810200	0.810355
1810400	-1.28778
1810600	0.265085
1810800	-1.01276
1811000	-1.16927
1811200	-0.398535
1811600	-0.834224
1811800	-1.26475
1812000	-1.62191
1812200	-1.26525
1812400	-0.8553
1812600	-0.907902
1812800	-1.80601
1813000	-1.59608
1813200	-0.733906
1813400	-1.77479
1813600	-0.680422
1813800	-0.624109
1814000	-0.738013
1814200	-1.74557
1814400	-1.04865
1814600	-0.740785
1814800	-1.25022
1815000	-0.539563
1815200	-1.40243
1815400	-0.896118
1815600	-1.27287
1816000	-0.433231
1816200	-1.52589
1816400	-0.061865
1816600	-1.52489
1816800	-1.35931
1817200	-0.225402
1817400	-1.02505
1817800	-1.29179
1818000	-1.78246
1818200	-1.11576
1822600	-1.75988
1822800	-0.126174
1823000	-1.73416
1823200	-1.94629
1823400	-1.41186
1823600	-0.898367
1823800	0.831579
1824000	-0.988493
1824200	-1.07703
1824400	-1.86706
1824600	-0.522438
1824800	-1.81034
1825000	-1.2035
1825200	0.962434
1825400	-1.30685
1825600	-1.17624
1825800	-0.138348
1826000	-1.04387
1826200	-1.89928
1826400	-1.71582
1826600	-0.801298
1827000	-1.09988
1827200	-0.44775
1827400	-0.383064
1827600	-0.669441
1827800	-1.28054
1828000	-1.59682
1828200	-1.35163
1828400	-1.07482
1828600	-0.638697
1828800	-1.70261
1829000	-0.0349125
1829200	1.35805
1829400	-1.51626
1829600	-1.5433
1829800	-2.05499
1830000	-1.44786
1830200	-0.665186
1830400	1.05614
1830600	0.820757
1830800	1.01277
1831000	-1.02318
1831200	-1.4585
1831400	1.3565
1832200	-0.870539
1832400	-1.224
1832600	0.0589661
1832800	-1.18322
1833000	-1.29621
1833400	-1.23316
1833600	-1.40618
1834200	-1.14073
1834400	-1.40739
1834600	-1.56655
1834800	-1.26872
1835000	-1.83184
1835200	-1.49601
1835400	-1.55926
1835600	-0.974963
1835800	0.738727
1836000	-0.349173
1836200	0.494348
1836400	-0.475257
1836600	-2.02278
1836800	0.686051
1837000	-0.747376
1837200	-0.636347
1837400	-0.588579
1837600	-1.26499
1837800	-1.07484
1838000	-0.511741
1838200	-1.31709
1838400	-1.31384
