BIN_START	TajimaD
0	-0.20934700
200	-1.48633000
400	-1.43266000
600	0.29690500
1000	-0.75016600
1200	-1.11644000
1400	-1.39509000
1800	0.81324900
2200	0.48927100
2400	-0.97677300
2600	-0.96645700
2800	-1.47367000
3000	-0.65302600
3200	0.43259200
3400	-1.17229000
3600	-1.03989000
3800	0.57763600
4000	0.39882800
4200	-1.40291000
4400	-0.40874900
4600	0.49272500
4800	-0.79387100
5000	-1.40127000
5200	-1.07883000
5400	-1.62315000
5600	-0.84186500
5800	-0.99271500
6000	-1.09970000
6200	-0.58229000
6400	-1.31915000
6600	-0.88886100
6800	0.58038600
7000	-0.04438020
7200	-1.68040000
7400	-1.42642000
7600	-0.56664500
7800	0.88997600
8000	2.08889000
8200	1.43668000
8400	-1.61671000
8600	-1.12464000
9800	0.11538400
10000	-1.51009000
10200	-1.12354000
10400	0.45451000
10600	-1.10590000
11000	1.03356000
11200	-0.79387100
12400	-1.08291000
12600	-0.98323700
12800	-0.90184400
13000	-0.83245700
13200	-0.91461700
13400	-0.76695100
13600	0.01542150
13800	1.70035000
14000	0.66682600
14400	-1.38241000
14600	-0.30008500
15000	1.97744000
15200	-1.01006000
15600	0.00755593
15800	-0.11879700
16000	-1.26606000
16200	-0.96544600
29000	-1.05230000
29400	-1.36625000
30000	0.02837060
30200	-1.42363000
30400	-1.38086000
32000	-0.35942400
32200	2.93079000
32400	0.85347300
32600	-1.22060000
32800	-0.90840300
33000	-0.93191300
33200	-1.46819000
33400	-0.60758500
33600	-0.62430300
33800	0.31761800
34000	-1.07683000
34200	-0.45920100
34600	-0.14937500
34800	-1.30162000
35000	-1.07172000
35200	-0.70136800
35400	-1.59559000
35600	-1.42684000
36000	-1.02969000
36200	-0.54289500
36400	0.30655100
36600	-0.74573700
36800	2.22377000
37000	-0.66398000
37200	-0.01092100
37400	-0.87485300
37600	-0.03413400
37800	0.04026560
38000	0.47778800
38200	0.39698600
38400	0.31597600
38600	-0.08946480
38800	1.48947000
39000	-0.45475100
39200	0.32993000
39400	-0.87693100
39600	-0.61041100
39800	0.09248730
40000	0.18571100
40200	-0.83569300
40400	-1.13472000
40800	-0.35909200
41000	0.14114300
41200	0.51842600
41400	-0.21493100
41600	-0.28163300
41800	3.01798000
42000	-0.06919200
42200	0.64852500
42400	3.55054000
42600	0.94378700
42800	1.68149000
43000	-0.98930300
43200	-0.83317200
43400	-1.13659000
43600	0.05146900
43800	-1.39556000
44000	-0.21735500
44200	-0.53134200
44400	1.17898000
44600	-1.26833000
44800	2.02591000
45000	-0.33715900
45200	-1.51418000
45400	-1.79070000
45600	-1.31532000
45800	0.44691100
46000	-0.52151200
46200	-1.59700000
46400	-1.65937000
46600	-1.59016000
46800	-0.31651500
47000	-1.12570000
47200	-0.98334800
47400	-0.92078700
47600	-0.43373900
47800	1.19587000
48000	0.22506800
48200	0.08678090
48400	-0.65434100
48600	-0.34329300
48800	-0.84490600
49000	-0.17454800
49200	0.77103800
49400	-0.08622630
49600	2.89959000
49800	-1.44848000
51800	0.79071000
52000	-0.24627000
52200	0.77246500
52400	0.88204200
52600	-0.28532200
52800	0.53709900
53000	-0.44883700
53200	-0.68120500
53400	-1.56489000
54400	-0.89233600
54600	-1.03920000
54800	-0.43734600
55000	-0.75114000
55200	-0.78624900
55400	-0.92308000
55600	-0.83771900
55800	-0.78745900
56000	-0.54247200
56200	-0.23130200
56400	-0.55208700
56600	-0.89246900
56800	-0.76984800
57000	-0.65322100
57200	0.34975900
57400	-0.65064900
57600	0.43237800
57800	0.55826100
58000	-0.80835600
58200	-0.31741500
58400	0.55137700
58600	-0.10030900
58800	-0.69985500
59000	-0.20323800
59200	1.99638000
59400	-0.47371600
59600	0.34398200
59800	0.34799100
60000	-1.26820000
60200	0.37196900
60400	-1.58035000
60600	-0.59666900
60800	0.17965700
61000	-1.27106000
61400	-0.39995700
61600	-0.01335240
61800	-0.93119900
62000	1.23386000
62200	-0.10256800
62400	-0.84865100
62600	2.05867000
62800	-1.25470000
63000	-1.35079000
63200	-1.00337000
63400	-1.50896000
63600	-1.31957000
63800	-1.07269000
64000	-1.39041000
64200	-1.02180000
64400	-1.71377000
64600	-1.60072000
64800	-0.34143000
65000	-1.32453000
65200	-0.42410700
65400	-0.61379100
65600	-1.00133000
65800	-0.85651100
66000	-1.28358000
66200	0.01814630
66400	-1.05991000
66600	-1.25934000
66800	-0.10284500
67000	-0.33501100
67200	-0.58522900
67400	0.10067300
67600	-0.99287400
67800	-1.44241000
68200	-1.26606000
68400	-0.68795100
68600	-1.23460000
68800	-1.19264000
69000	-1.36149000
69200	-0.91225400
69400	-1.22384000
69600	-1.13067000
69800	-0.99518200
70000	-0.63719100
70200	-1.36324000
70400	-1.37813000
70600	0.08163440
70800	-0.91402300
71000	-1.36196000
71200	-1.41504000
71400	-1.31582000
71600	-1.20607000
71800	0.42229200
72000	0.51081500
72200	-1.68383000
72400	-1.15356000
72600	-1.27314000
72800	-1.13545000
73000	-1.00369000
73200	-0.62261100
73400	-1.59407000
73600	-0.06962570
73800	-1.53734000
74000	-0.59146700
74200	-0.72300300
74400	-1.05230000
74600	-1.25429000
74800	-0.00740443
75000	-0.83915800
75200	-1.48419000
75400	-0.86563000
75600	-1.15822000
75800	-1.66648000
76000	-1.00535000
76200	-1.41857000
76400	-1.02208000
76600	-0.82963900
76800	-1.34672000
77000	-0.80073500
77200	-1.09970000
77400	-0.63857800
78000	-0.16327600
78200	-1.15231000
78400	-0.51365200
78800	-1.68878000
79000	-1.49586000
79200	-0.49220700
79400	0.02248180
85000	-0.90184400
85200	-1.14437000
85400	-0.84511600
85600	-1.28606000
86000	-0.86437400
86400	-0.78130000
86600	-0.56975000
86800	-1.13331000
87000	-1.43496000
87200	-1.79919000
87400	-0.37392700
87600	-0.57306100
87800	-1.40323000
88000	-0.90027500
88200	-0.15360300
88400	-0.29158200
88600	-1.38010000
88800	-0.61909700
89000	-0.41570000
89200	-1.41341000
89400	-0.75725300
89600	-0.49112700
89800	-1.29609000
90000	-1.55176000
90200	-1.60742000
90400	-0.64085200
90600	-1.71427000
90800	-1.82631000
91000	-1.31703000
91200	-1.17744000
91400	-0.86223600
91800	-1.10130000
92000	1.91747000
92200	-0.65141400
92400	-0.66685900
92600	-0.41367300
92800	-0.89975500
93000	-0.79993100
93200	-0.02462120
93400	-0.40480900
93600	-0.37845800
93800	0.50500200
94000	-1.30433000
94200	-1.41455000
94400	-2.17129000
94600	-0.23006200
94800	-1.52591000
95000	-1.26379000
95200	3.17418000
95400	-0.69581300
95600	-0.10792100
95800	-0.30229100
96000	-0.11809100
96200	-0.49308600
96400	0.39040900
96600	-1.55052000
96800	-0.47682200
97000	0.11525900
97200	-1.11361000
97400	-1.31124000
97600	-1.29716000
97800	-1.19721000
98000	-0.45397700
98200	-0.77018800
98400	-0.44068600
98600	-0.56210200
98800	-0.66782000
99000	-1.05066000
99200	0.28640600
99400	-0.11523700
99600	0.31440500
99800	0.41882300
100000	0.85623600
100200	-0.79130800
100400	-1.05931000
100600	-1.39385000
100800	-0.71472800
101000	-0.73088700
101200	-0.39323900
101400	-1.42473000
101600	0.34615700
101800	-0.58046900
102000	-0.41249000
102200	-1.12328000
102400	0.20732300
102600	-0.92619800
102800	-0.28474100
103000	-1.45855000
103200	-1.56646000
103400	-1.53745000
103600	-1.72152000
103800	-0.99419900
104000	-0.58987900
104200	-1.53753000
104400	-1.26258000
104600	-0.02117080
104800	-0.57186400
105000	-0.87817100
105200	-0.89079300
105400	-1.27771000
105600	-1.56476000
105800	-1.35170000
106000	-1.29340000
106200	-0.96961900
106400	-0.35383100
106600	-0.64107700
106800	-0.35491100
107000	-1.35371000
107200	0.48370300
107400	0.31074500
107600	0.80062700
107800	1.01252000
108000	-0.18119700
108200	-0.63944800
108400	-0.51339300
108600	-0.45161000
108800	-1.31260000
109000	0.36034300
109200	-0.86603300
109400	-0.92446500
109600	0.73963200
109800	-1.48091000
110000	1.73580000
110200	-1.35351000
110400	0.72332900
110600	-1.05118000
110800	-0.50457300
111000	-0.88189500
111200	-1.42903000
111400	-0.06469280
111600	-1.25424000
111800	-1.16036000
112000	-1.01508000
112200	-0.94085300
112400	1.10917000
112600	-0.51054700
112800	-0.97582300
113000	-1.93710000
113200	-0.47332800
113400	-0.96979400
113600	-0.55063400
113800	0.37676500
114000	-0.91015600
114200	-1.28878000
114400	0.48309600
114600	-0.20491400
114800	-0.52515600
115000	-1.18894000
115200	-0.97991800
115400	-0.35517900
125800	-0.84701700
126000	-0.45720300
126200	1.58204000
126400	-1.32418000
126600	-0.78497500
131200	-1.53517000
131400	-1.27195000
131600	-0.26599100
131800	-1.45200000
132000	-0.81869400
132200	-1.71181000
132400	-1.32387000
132600	0.30715300
132800	-0.38203500
133000	-0.22453800
133200	-0.34251400
133400	-1.52219000
133600	-1.41968000
133800	0.04063530
134000	1.10208000
134200	-0.51811100
134400	-0.52527300
134600	-0.41494400
134800	-0.44282800
135000	-1.28330000
135200	-1.36535000
135400	-0.82046600
135600	-1.59352000
135800	-1.13084000
136000	-1.66459000
136200	0.19726600
136400	-1.14697000
136600	-1.17888000
136800	-0.86040200
137000	-1.15387000
137200	-0.89054200
137400	-1.28624000
137600	-0.76997800
137800	-0.92185900
138000	-0.79241600
138200	-1.49000000
138400	-1.31317000
138600	-1.04456000
138800	-0.75436000
139000	-0.68961400
139200	-0.82692900
139400	-1.25297000
139600	-1.22029000
139800	-1.04804000
140000	-1.10867000
140200	-0.77391000
140400	-1.51332000
140600	-0.89732000
140800	0.46977000
141000	-0.86219800
141200	-0.04484740
141400	-1.56643000
141600	-1.87232000
141800	-0.66048800
142000	-1.23755000
142200	-0.44177000
142400	0.28161500
142600	-0.30685700
142800	-1.35515000
143000	-0.67846700
143200	0.19984200
143400	-1.20737000
143600	-0.20735100
143800	-0.42948400
144000	1.31253000
144200	-0.76620300
144400	-1.28825000
144600	-1.62643000
144800	0.48584400
145000	-1.19834000
145200	-1.07096000
145400	-1.24940000
145600	-0.77277100
145800	-1.38710000
146000	-1.07434000
146200	-0.67612400
146400	0.25532200
146600	-1.05064000
146800	-1.31008000
147000	0.21636900
147200	0.69045600
147400	1.58720000
147600	0.23997900
147800	-0.85674200
148000	-1.09114000
148200	-0.52767300
148400	-1.27884000
148600	-0.89080600
148800	-1.83574000
149000	-0.67540100
149200	-1.42132000
149400	-0.66801900
149600	-0.56994200
149800	0.83604400
150000	0.26623700
150200	-0.46607400
150400	-0.39121600
150600	0.61900500
150800	-0.46393500
151000	0.28194900
151200	0.02666550
151400	-1.00211000
151600	-0.79855300
151800	-0.81092700
152000	0.10264500
152200	0.88427600
152400	0.16200500
152600	-0.61342400
152800	0.09405430
153000	-0.17025000
153200	-0.92601500
153400	-0.14578900
153600	-1.00373000
153800	-0.62883600
156800	-1.44478000
157000	-1.63705000
157200	-1.22197000
157400	-1.08993000
157600	-1.32413000
157800	-1.37924000
158000	0.06314600
158200	0.02889470
158400	0.20722900
158600	0.03482260
158800	-1.03988000
159000	1.38523000
159200	0.37780100
159400	0.89782700
159600	-0.87635000
159800	-0.71050200
160000	-0.35101700
160200	-1.43375000
160400	-1.07117000
160600	-0.27492600
160800	-1.62594000
161000	0.42840600
161200	-1.49414000
161400	-1.67544000
161600	-0.67394600
161800	-1.27105000
162000	-1.26315000
162200	-0.41601200
162400	-1.14185000
162600	-1.51035000
162800	-0.41944600
163000	-0.57152500
163200	0.27362800
163400	0.11420400
163600	-1.45267000
163800	-0.50197300
164000	-1.42498000
164200	-1.31359000
164400	-1.40421000
164600	-1.58605000
164800	0.43783600
165000	0.78233800
165200	-0.47730800
165400	0.00867399
165600	-0.47015400
165800	0.08895220
166000	-1.08097000
166200	0.08018440
166400	-1.42061000
166600	-1.64085000
166800	-1.37343000
167000	-0.24728900
167200	-1.52024000
167400	-1.48364000
167600	-1.01172000
167800	-1.52267000
168000	-1.02586000
168200	0.28643400
168400	-0.61540500
168600	-0.87315000
168800	-1.34875000
169000	-1.13859000
169200	-1.45235000
169400	-0.67959000
169600	1.25589000
169800	-0.78148900
170000	-1.49976000
170200	-0.56648800
170600	-0.81732100
170800	1.08991000
171000	-0.63627400
171200	-0.48591500
171400	1.63629000
171600	-0.29989600
171800	-0.79833500
172000	0.52475900
172200	-0.25681700
172400	-0.37464900
172600	-0.07972150
172800	-1.13846000
173000	-0.55873800
173200	-0.34619700
173400	-0.86203700
173600	0.04471400
173800	0.11558000
174000	-0.49496000
174200	-1.30833000
174400	-1.78116000
174600	-1.21163000
174800	-0.80503200
175000	-1.46606000
175200	0.20634600
175400	-0.12164200
175600	-0.38071200
175800	-0.96586100
180000	-1.24661000
180200	-1.55886000
180400	0.12155700
180600	-1.39636000
180800	0.09722880
181000	-0.21325800
181200	-0.99547000
181400	-0.87493400
181600	-1.67302000
181800	-1.50856000
182000	-1.31262000
182200	-0.58897200
185200	-1.82874000
185400	0.19231700
185600	-1.56119000
185800	-1.67363000
186000	-0.48828300
186200	-1.15765000
186400	-1.56788000
186600	-0.87136800
186800	-1.49412000
187000	-1.29546000
187200	-1.47132000
187400	-1.45538000
187600	-1.74999000
187800	-1.19469000
188000	-0.88857100
188200	-1.19993000
188400	-1.17258000
188600	-1.10741000
188800	-1.26359000
189000	-1.04485000
189200	-0.46371800
189400	-0.89672800
189600	-1.20683000
189800	-1.13701000
190000	-0.97557600
190200	-1.61677000
190400	-1.30728000
190600	-1.02969000
190800	-0.40576900
192000	0.28965000
192200	-0.81734600
192400	0.32625300
192600	0.46391000
192800	-0.87010300
193000	-1.10282000
193200	0.20214200
193400	1.00473000
193600	-0.69342800
193800	-1.22969000
194000	-1.55573000
194200	-1.41667000
194400	-0.83604100
194600	-1.86954000
194800	-1.55558000
195000	-1.00815000
195400	-0.41512900
195600	-1.08953000
195800	0.49982900
197400	-1.47828000
197600	-0.75832500
197800	0.27223500
198000	-0.76876200
198200	-0.74190700
198400	-0.20605700
198600	-0.75204800
198800	-0.39490400
199000	-0.02213330
199200	-1.10205000
199400	0.09816170
199600	-1.26689000
199800	-1.31967000
200000	-1.28581000
200200	-1.22052000
200400	0.58504400
200600	0.15681500
201000	0.02422110
201200	-0.33856500
201400	-0.34513600
201600	-1.57003000
201800	-0.77491600
202000	0.01474040
202200	-0.29671300
202400	-0.32169000
202600	-0.34409400
202800	-0.56376200
203000	-1.04442000
203200	-1.69592000
203400	-0.70223700
203600	0.79840600
203800	0.28533600
204000	-1.72890000
204200	-1.06475000
204400	-1.25811000
204600	-0.28188400
204800	0.84116100
205000	0.12488500
205200	0.01864630
205400	-0.82904600
205600	0.43300900
205800	-0.91263300
206200	-0.70475000
206400	0.14102600
206600	-0.53823900
206800	-0.97759000
207000	-1.40367000
207200	-0.90815500
207400	-0.59217200
207600	-1.24181000
207800	0.23754000
208000	-1.11270000
208200	-0.94435700
208400	-0.92919100
208600	-0.00886818
208800	-1.04512000
209000	-0.38991000
209200	0.16806900
209400	-0.19765300
209600	-0.96175700
209800	-1.77473000
210000	-1.52940000
210200	-1.98623000
210400	-1.66497000
210600	-0.82285000
211000	-0.82963900
211200	-0.18947100
211400	-1.17561000
211600	-0.09555060
211800	-1.11585000
212000	-0.42226900
212200	-1.04761000
212400	0.04539430
212600	-1.23941000
212800	-0.82963900
213000	-0.77500700
213200	-0.62079500
213400	-0.66432300
213600	-1.65223000
213800	0.23879100
214000	-0.67757500
214200	2.08595000
214400	-1.67504000
214600	-1.18252000
214800	0.27243600
215200	-0.52045300
215400	0.00169052
215600	-1.67009000
215800	-0.52606600
216000	0.70508600
216200	-0.40842500
216400	-0.53924400
216600	0.96275200
216800	-0.53203400
217000	-1.59235000
217200	-0.11978900
217400	-0.95747400
217600	-0.78887300
217800	0.46594800
218000	0.28036700
218200	-0.20660600
218400	-0.58519600
218600	0.10014100
218800	-0.47579800
219000	0.27962900
219200	-1.04464000
219400	-0.99224000
219600	0.65184600
219800	0.48771100
220000	1.83262000
220200	3.02318000
220400	0.65409100
220600	1.57774000
220800	0.01673510
221000	-0.62231100
221200	0.24039500
221400	-0.63104900
221600	-0.59764100
221800	-0.03147850
222000	-0.00284729
222200	-0.72211000
222400	2.39251000
222600	-0.83309600
222800	1.11852000
223000	0.98642600
223200	-0.71813400
223400	-0.78545300
223600	-1.00020000
223800	-1.14290000
224000	0.49211700
224200	-1.39081000
224400	-1.75151000
224600	-0.48198500
224800	-1.37657000
225000	0.04519740
225200	-1.33823000
225400	-1.00205000
225600	1.72414000
225800	-1.11136000
226000	-0.24547200
226200	0.19840500
226400	1.78879000
226600	-1.01723000
226800	-1.22830000
227000	-1.82413000
227200	1.17786000
227400	-0.07071760
227600	0.07880390
227800	0.22691500
228000	-0.16507100
228200	-1.30486000
228400	-1.43262000
228600	-0.37460900
228800	-1.16672000
229000	-0.65542400
229200	0.46092900
229400	-1.70859000
229600	-1.53451000
229800	1.05855000
230000	-1.18617000
230200	-1.78499000
230400	-0.59478000
230600	-0.88375000
230800	-1.41599000
231000	-0.02929860
231200	-1.05411000
231400	-0.28558300
231600	-1.10867000
231800	1.40557000
232000	-0.44593400
232200	-0.82717800
232400	-0.87788800
232600	-0.68788200
233000	0.09053950
233200	0.06437350
233400	-0.78335900
233600	-1.67952000
233800	-1.34602000
234000	-1.50669000
234200	-0.44067300
234400	-1.44887000
234600	-0.62957800
234800	-0.60038900
235000	-0.19790400
235200	-0.53460000
235400	-0.31467200
235600	-0.45153400
235800	-0.45831600
236000	-1.38257000
236200	1.48274000
236400	-1.19721000
236600	1.08185000
236800	-0.39513400
237000	-0.24688600
237200	0.07825690
237400	0.52728800
237600	-1.00071000
237800	-0.23632400
238000	-0.99569500
238200	-0.49789200
238400	-1.09139000
238600	-1.79493000
238800	-1.93105000
239000	-0.03655490
239200	-0.33870400
239400	0.95281200
239600	1.62241000
239800	-1.73635000
240000	-1.58737000
240200	-0.92185000
240400	-1.08809000
240600	-1.66336000
240800	-0.12605000
241000	-1.21127000
241200	-0.81469900
241400	1.11555000
241600	-1.15882000
241800	-0.33803300
242000	-1.09507000
242200	-1.41387000
242400	-0.31192400
242600	-0.54762700
242800	-1.58766000
243000	-0.94461800
243200	-0.04242610
243400	-1.16969000
243600	0.23293300
243800	-0.22969300
244000	-0.96799400
244200	-1.29884000
244400	-0.63888400
244600	-1.28632000
244800	0.46642400
245000	-1.24982000
245200	-1.93978000
245400	-1.01461000
245600	-0.44476000
245800	-1.00436000
246000	-0.75132500
246200	-1.05016000
246400	-1.37318000
246600	-1.27568000
246800	-1.10055000
247000	-0.79974200
247200	-1.02816000
247400	-0.64520800
247600	-2.07871000
247800	-1.55625000
248000	-1.25408000
248200	-1.40801000
248400	-0.34712300
248600	-1.22993000
248800	-1.48687000
249200	-1.67457000
249400	-1.44939000
249600	-0.95663100
249800	-0.73070600
250000	0.88295400
250200	-1.26899000
250400	-1.56271000
250600	-1.39548000
250800	-1.45409000
251000	-1.61332000
251200	-0.84848100
251400	-1.13961000
251600	-0.71687100
251800	-1.36306000
252000	-0.64564800
252200	-1.17299000
252400	-0.15258100
252600	-1.39104000
252800	-0.78335900
253000	-1.07758000
253200	-0.95513000
253400	-1.22911000
253600	-0.40815400
253800	-1.22949000
254000	0.12634800
254200	-0.84013400
254400	-0.08401660
254600	-0.29890500
254800	-0.15544300
255000	-0.67555800
255200	-0.88414300
255400	-1.31621000
255600	-0.30571900
255800	0.13577400
256000	-0.16110500
256200	-1.11430000
256400	0.68944700
256600	-1.33227000
256800	-1.37523000
257000	-1.31429000
257400	-0.75832500
257600	-0.28796700
257800	-1.08042000
258000	-1.22898000
258200	-0.85155900
258400	-1.39427000
258600	0.36025500
258800	-0.07884710
259000	0.27080900
259200	-0.19566400
259400	1.51252000
259600	-1.23864000
259800	-1.05436000
260000	1.07672000
260200	-1.38874000
260400	-1.62968000
260600	0.64583900
260800	-1.42644000
261000	-1.36681000
261200	-1.18900000
261400	-1.48470000
261600	0.13459700
261800	-1.35118000
262000	-1.12904000
262200	-0.68186700
262400	0.71071900
262600	-1.33496000
262800	-1.32321000
263000	-1.10278000
263200	0.39145100
263400	-0.83035100
263600	0.31717800
263800	-1.34329000
264000	0.14873300
264200	-1.44662000
264400	-0.38663600
270800	-0.11948900
271000	-1.34945000
271200	-0.98525000
272800	-1.03357000
273000	0.28667900
273200	-1.47343000
273400	-1.44405000
273600	1.29689000
273800	-1.60439000
274000	0.29466200
274200	-0.01694340
274400	-1.38010000
274600	-0.67303600
274800	-0.53995500
275000	0.96863200
275200	-0.57664100
275400	-1.82602000
275600	-1.52953000
275800	-1.80087000
276000	-1.10990000
276200	-0.76365900
276400	-1.60409000
276600	-1.74715000
276800	-1.70678000
277000	0.27673600
279000	-0.79387100
279200	0.47443600
279400	0.73458100
279600	-0.93617900
279800	-0.18255000
280000	-0.37384500
280200	-1.82093000
280400	-1.88389000
280600	-1.48674000
280800	0.12234000
281000	-0.54221400
281200	-0.08954240
281400	-1.76702000
281600	-1.31622000
281800	-1.13448000
282000	-0.42015700
282200	-1.50600000
282400	-0.09468690
282600	-1.11546000
282800	-1.56546000
283000	-0.96382800
283200	-1.48273000
283400	-0.20428100
283600	-0.43394700
283800	-0.14416000
284000	-1.02867000
284200	0.51296900
284400	-0.99690600
284600	-0.35888000
284800	-1.15359000
285000	-0.20544600
285200	-1.63350000
285600	-1.51086000
285800	-0.10093800
286000	-1.37835000
286200	-0.62132000
286400	-1.46841000
286600	-1.33089000
286800	-0.23049800
287000	2.43259000
287200	-0.96147100
287400	-0.13597500
287600	0.45901800
287800	-1.09393000
288000	1.77452000
288200	-1.28818000
288400	1.14310000
288600	-1.34865000
288800	-1.23892000
289000	0.06229880
289200	-1.39227000
289400	-1.28425000
289600	1.67577000
289800	-0.63811100
290000	-0.92481200
290200	-1.48519000
290400	-0.50510900
290600	-0.07299790
290800	-0.64799100
291000	-1.25634000
291200	-1.23970000
291400	-1.16258000
291600	-0.98323700
291800	-1.25358000
292000	-0.50285400
292400	2.29934000
292600	-1.65677000
292800	-0.21350200
293000	-0.27659300
294600	-0.79387100
294800	-1.25161000
295000	-1.24214000
295200	0.30890500
295400	-0.71164400
295600	-0.72063700
295800	0.19052500
296000	-1.24380000
296200	0.34069100
296400	-1.61948000
296600	-1.60703000
296800	-0.86987500
297000	-1.62972000
297200	-1.80045000
297400	-1.36439000
297600	1.82690000
297800	1.14806000
298000	1.61342000
298200	-0.40511800
298400	-0.98909100
298600	-0.49033300
300200	-0.42748400
300400	-0.06520170
300600	-1.86048000
300800	0.08301900
301000	-0.11629100
301200	-0.88505200
301400	0.57941600
301600	-1.66204000
301800	0.53938200
302000	-1.45212000
302200	-1.24430000
302400	-1.53792000
302600	-1.52578000
302800	-1.26760000
303000	-1.45696000
303200	-1.48333000
303400	2.05672000
303600	-0.52933000
303800	0.38131400
304000	-0.47837600
304200	-1.06406000
304400	-1.26034000
304600	-1.15223000
304800	-1.84278000
305000	0.27824600
305200	-0.71853000
305400	0.12976800
305600	-1.29834000
305800	-1.11244000
306000	-1.09947000
306200	0.17306400
306400	-0.37533500
306600	-0.89584200
306800	-0.60526100
307000	-0.78780300
307200	-0.28182500
307400	-0.99997700
307600	-1.32286000
307800	-1.55871000
308000	-1.14767000
308200	-1.15012000
308400	-2.28821000
308600	-1.10006000
308800	-0.21801800
310400	-0.49713700
310600	-0.26707100
310800	-1.12525000
311000	-1.08209000
311200	-1.56930000
311400	-0.27575200
311600	-0.85953200
311800	-0.47257100
312000	-0.50311000
312200	-1.21813000
312400	-1.28469000
312600	-1.26810000
312800	-0.83817900
313000	-0.30676700
313200	-1.14861000
313600	-1.17251000
313800	-0.31114500
314000	-0.43492600
314200	-0.60466900
314400	-0.40790900
314600	-0.27783300
314800	0.23735700
315000	-1.44995000
315200	-1.42024000
315400	0.04699600
315600	-0.98265200
315800	0.19967300
316000	-0.47837600
316200	-0.21833800
316400	-0.41188100
316600	-0.64206400
316800	-1.09845000
317000	-0.20763400
317200	-0.30155300
317400	0.53071000
317600	-0.93963900
317800	0.20248500
318000	0.78497900
318200	-1.53073000
318400	1.27023000
318600	-1.19417000
318800	0.06583820
319000	-0.88731500
319200	-0.38829500
319400	-1.13509000
319600	-0.81493700
319800	-1.14114000
320000	-0.24286800
320200	-0.25058400
320400	-0.68216200
320600	-0.49978600
320800	-1.14836000
321000	0.30798900
321200	-0.20007200
321400	-0.45896200
321600	-1.33761000
321800	-1.15583000
322000	0.42076600
322200	-0.45351600
322400	-1.34705000
322600	0.85345100
322800	-0.90537800
323000	-1.10229000
323200	-1.36052000
323400	-0.34323600
323600	-0.48741500
323800	-1.26689000
324000	-0.31493600
324200	-0.81602600
324400	-1.25913000
324600	-1.62909000
324800	-1.61689000
325000	-0.03201890
325200	0.48670600
325400	-1.17443000
325600	-1.36294000
325800	-0.53668800
326000	0.33921400
326200	0.09838450
326400	0.33415100
326600	-0.67236100
326800	0.10889800
327000	-0.96748700
327200	-0.25817000
327400	-0.98441000
327600	-1.29579000
327800	-1.19199000
328000	-0.47294700
328200	-0.46156800
328400	-1.30542000
328600	-1.49717000
328800	-1.45411000
329000	-0.85696000
329200	-1.03295000
329400	-1.62246000
329600	-0.06423720
329800	-1.51269000
330000	-0.46574100
330200	-1.89753000
330400	-0.97593100
330600	-1.93079000
330800	-1.71028000
331000	-0.26730000
331200	-1.12636000
331400	0.22815300
331600	-0.49515200
331800	2.11595000
332000	-1.55927000
332400	-2.03947000
332600	-0.93206400
332800	-1.13251000
333000	-1.86081000
333200	-1.33647000
333400	-1.93911000
333600	-1.43311000
333800	2.05656000
334000	0.42754200
334200	-1.08078000
334400	-1.23760000
334600	-0.62488000
334800	-0.58056300
335000	0.60511500
335200	-0.46981400
335400	-0.35646900
335600	-0.54652900
335800	-0.20798900
336000	-1.50978000
336200	-0.32619100
336400	-1.22558000
336600	-0.38486100
336800	-1.12498000
337000	-0.16941000
337200	-0.64414500
337400	-1.16052000
337600	-0.91741200
337800	-1.85043000
338000	0.90286100
338200	-0.90184400
338400	-1.58291000
338800	-0.97946300
339000	-1.13396000
339200	-0.29632800
339400	-1.33315000
339600	-0.78050800
339800	0.22779900
340000	-1.27602000
340200	-1.19352000
340400	-1.78898000
340600	-2.04589000
340800	-0.75201400
341000	0.33126900
341200	-1.18370000
341400	-1.01252000
341600	-0.83754800
341800	-0.94537800
342000	-0.15364600
342200	0.27702800
342400	0.27340000
342600	0.18544300
342800	-0.28441500
343000	-1.25327000
343200	-1.51304000
343400	-0.62846600
343600	-0.87209600
343800	-1.30052000
344000	-1.24718000
344200	0.37142100
344400	-0.31935200
344600	-1.55509000
344800	0.61318200
345000	-0.51254700
345200	-1.00957000
345400	-0.51998700
345600	-1.03854000
345800	-0.70402800
346000	-0.06100860
346200	-1.18921000
346400	-0.58328100
346600	-1.14951000
346800	-0.97869500
347000	0.09969130
347200	-0.54599600
347400	-0.58565300
347600	0.13594000
347800	-1.16207000
348000	-0.70344200
348200	-1.43049000
348400	-0.91342300
348600	-1.84988000
348800	-1.43693000
349000	0.43868500
349200	-0.70665800
349400	-1.22830000
349600	-0.48782000
349800	0.65348700
350000	0.14765900
350200	-0.04762160
350400	-0.97116700
350600	0.35067700
350800	-1.83186000
351000	-1.61019000
351200	-0.81073000
351400	-0.33317500
351600	-0.42431900
351800	-0.85227300
352000	-0.61889200
352200	0.73838100
352400	-0.39363500
352600	0.24224100
352800	-0.56856800
353000	-2.35895000
353200	0.74910400
353400	-1.08325000
353600	-1.42200000
353800	-1.17426000
354000	-0.71827300
354200	-0.88473300
354400	-1.10246000
354600	0.39950800
354800	-0.99888300
355000	-1.25504000
355200	-0.64678000
355400	-0.71919700
355600	-1.72458000
355800	-0.92552000
356000	-0.90394400
356200	-1.34534000
356400	-1.13156000
356600	-1.65007000
356800	-1.44904000
357000	-0.64440100
357200	-1.37721000
357400	-1.60106000
357600	-0.61618600
357800	-1.14045000
358000	-0.72325600
358200	-0.58132200
358400	-0.68719800
359600	-1.12392000
359800	-1.85325000
360000	-1.33090000
364000	-0.34737800
364200	0.33551100
364400	-0.93025400
364600	0.64497400
364800	0.97208500
365000	-0.12705300
365200	0.02180350
365400	-0.32533400
365600	1.88375000
365800	0.44414600
366000	-0.53609800
366200	0.17739300
366400	0.96984500
366600	-0.59106500
366800	-1.14141000
367000	-0.44162800
367200	-0.62650000
367400	-1.36939000
367600	-1.19154000
367800	-0.37775000
368000	-0.03882560
368200	-0.66966000
368400	0.78115300
368600	1.22526000
368800	-0.57293300
369000	2.73943000
369200	-1.87247000
369400	-1.29838000
369600	-1.67242000
369800	-0.73883600
370000	-1.19532000
370200	-1.26920000
370400	-0.42441500
370600	-1.05406000
371000	2.20318000
371200	-0.07013770
371400	-0.10359900
371600	-1.00560000
371800	-0.08219870
372000	-0.18161400
372200	-0.78384200
372400	-0.89611300
372600	-1.39411000
372800	-1.19256000
373000	-1.00815000
373200	-0.33462200
373400	-1.30222000
373600	-0.66564000
373800	-1.34762000
374000	-0.65527500
374200	-0.16823100
374400	-0.69391400
374600	0.11163000
374800	-1.01525000
375000	-0.72710700
375200	-0.14552800
375400	-1.54597000
375600	-0.65302600
375800	-0.17922200
376000	-1.00463000
376200	-1.45549000
376400	-1.49251000
376600	-0.47732800
376800	2.28384000
377000	1.06012000
377200	0.10774100
377800	-0.18323300
378000	-0.98773600
378200	-0.41690300
378400	-0.73801500
378600	-0.22837600
378800	-0.55529200
379000	-1.48821000
379200	-1.21133000
379400	-0.68790300
379600	-0.83255000
379800	0.32201100
380000	-1.77500000
380200	-0.64725500
381800	-1.56564000
382000	-1.14865000
382200	-1.09221000
382400	-0.73463900
382600	-0.94779700
382800	-1.47739000
383000	-1.20985000
383200	-0.55321300
383400	0.12171200
383600	0.68108500
383800	0.91092100
384000	-1.60649000
384200	2.47841000
384400	-0.37162500
384600	-1.17526000
384800	-0.72041300
385000	0.24598800
385200	-0.89704300
385400	-0.47229200
385600	-0.55962400
385800	1.04978000
386000	-1.49236000
386200	-0.80543300
386400	-0.30971200
386600	-1.23742000
386800	-0.31725000
387000	1.31977000
387200	-0.16293800
387400	-1.38516000
387600	0.06816300
387800	-1.70278000
388000	-1.74936000
388200	-0.52007600
388400	-1.18017000
388600	-1.10634000
388800	-0.77163900
389000	0.95686000
389200	-0.84988900
389400	0.22438900
389600	-1.14313000
389800	-0.97586000
390000	-1.60587000
390200	-1.11644000
390400	-1.33988000
390600	-0.66909500
390800	-0.14983100
391000	0.14316400
391200	-1.11796000
391400	-1.30580000
391600	-0.09522250
391800	-0.24068200
392000	1.18357000
392200	-0.88039600
392400	-0.63635700
392600	-0.75335500
396600	-0.41135300
396800	-0.49719200
397000	-1.06884000
397200	-0.59782900
397400	-0.61903600
397600	-1.43530000
397800	-1.18293000
398000	-0.89769300
398200	-1.62328000
398400	-0.73066700
398600	-0.64150800
398800	-1.45005000
399000	-0.33358400
399200	-1.38785000
399400	-0.72300300
399600	-0.42350500
399800	-1.21186000
400000	-0.90859100
400200	-0.73969900
400400	0.33509000
400600	-0.27225400
400800	0.37255800
401000	-1.15543000
401200	-0.83180100
401400	-0.90659300
401600	-1.06243000
401800	-0.83837300
402000	-1.06962000
402200	0.23837700
402400	-0.73330300
402600	-1.31064000
402800	0.26168200
403000	-0.12959400
403200	0.13263700
403400	0.38136400
403600	-0.34359900
403800	1.66453000
404000	0.10282200
404200	0.65822200
404400	-0.97944100
404600	-0.16253600
404800	-1.04999000
405000	-1.54833000
405200	-0.12171700
405400	-1.42336000
405600	-0.68790300
405800	-0.87317800
406000	-1.38440000
406200	-0.45683600
406400	-0.96058600
406600	1.93996000
406800	1.25865000
407000	-0.32338400
407200	-0.85532900
407400	0.24544000
407600	0.50431300
407800	-0.25670100
408000	-1.24118000
408200	-1.02478000
408400	0.73543700
408600	-1.70138000
408800	-1.55462000
409000	-0.89256600
409200	-0.91314300
409400	-1.50612000
409600	-0.76334400
409800	-1.26977000
410000	-1.52316000
410200	-1.30811000
410400	-0.35229500
410600	-1.10756000
410800	-1.03668000
411000	-1.21020000
411200	-0.42387900
411400	0.02382080
411600	-0.41714400
411800	-0.42350500
412000	0.01554040
412200	-0.59674200
412400	-0.71659900
412600	0.24462800
412800	0.65550200
413000	-1.17891000
413200	-0.54309200
413400	-0.83702400
413600	-1.25216000
413800	0.19490400
414000	-0.55862100
414200	0.98054000
414400	-1.93247000
414600	-0.72296500
414800	-0.40308500
415000	-0.66517500
415200	-0.68790300
415400	-1.19721000
415600	-1.31945000
415800	0.00964747
416000	-0.01340670
416200	0.02867170
416400	-1.45764000
416800	-1.05644000
417000	-0.70853000
417200	-1.38344000
417400	-0.75321200
417600	-1.53971000
417800	-0.60233400
418000	-0.66263700
418200	-0.99291200
418400	1.09424000
418600	-0.96534400
418800	0.63332200
419000	-1.54056000
419200	-0.97104400
419400	-0.57954600
419600	0.05481480
419800	-0.35858300
420000	-0.14188600
420200	-1.02792000
420400	-0.97380600
420600	1.10284000
420800	0.34659200
421000	0.27036400
421200	0.42442700
421400	-1.17075000
421600	-1.84161000
421800	-1.82602000
422000	-1.08872000
422800	-0.01079230
423000	-1.50482000
423200	-1.36563000
423400	-0.24834100
423600	-0.70152700
424600	-0.40773100
424800	-0.70673200
425000	1.23056000
425200	0.29773700
425400	-0.60270800
425600	-0.67661200
426000	0.11213700
426200	-1.55800000
426400	-1.08232000
426600	-0.84087700
426800	-1.13928000
427000	-1.01571000
427200	-1.51249000
427400	-2.08442000
427600	-1.23813000
427800	-0.10323800
428000	-0.33689900
428200	-1.45700000
428400	-0.67763400
428600	-0.33376900
428800	-0.50023900
429000	1.12225000
429200	-1.22662000
429400	-1.21284000
429600	-0.13921100
429800	-2.17129000
430200	-2.32507000
430400	-2.23427000
430600	-2.31758000
430800	-1.22733000
431000	-0.98519000
431200	-1.53394000
431400	-0.69095000
431600	-1.25884000
431800	-0.82440900
432000	-0.30323100
432200	-1.46080000
432400	-1.49300000
432600	-0.26492400
432800	-0.17546400
433000	-1.56509000
433200	-0.41945300
433400	-1.71251000
433600	-0.18100000
433800	-0.91270400
434000	-1.17404000
434200	-0.05583280
434400	-0.95461900
434600	-0.32595200
434800	-0.68218200
435000	-1.44775000
435200	-1.46987000
435400	0.71489600
435600	0.67459900
435800	-1.14479000
436000	0.54107800
447200	-1.32474000
447400	-1.30686000
447600	-0.33409400
459000	-0.53999300
459200	-0.49227200
459400	-1.17419000
459600	-1.17283000
459800	-0.63172000
460000	-0.91242100
460200	-1.77122000
460400	-0.95002900
460600	-0.87198000
460800	-0.45966400
461000	-0.05571200
461200	-1.95522000
461400	-1.35232000
461600	-1.83776000
461800	-0.96061300
462000	0.46717300
462200	-0.02960330
462400	-0.75832500
462600	-0.16364100
462800	-0.30317600
463000	-1.03449000
463200	-0.75113600
463400	-0.83628500
463600	-0.91004000
463800	-1.21092000
464000	-1.43265000
464200	-1.10242000
464400	-1.60022000
464600	0.71666000
464800	-1.54095000
465000	-1.23467000
465200	-1.52511000
465400	-1.02676000
465600	-1.27927000
465800	-0.92525300
466000	-0.04062800
466200	-0.65781700
466400	-0.65694700
466600	-1.35531000
466800	-1.62399000
467000	-1.15791000
467200	-1.30162000
467400	-0.75609800
467600	-1.34556000
467800	-1.93918000
468000	-0.65262800
468200	0.03299000
468400	-0.09401930
468600	1.16379000
468800	0.12026000
469000	-0.72742600
469200	-1.38115000
469400	-1.82736000
469600	-2.34618000
469800	-2.18627000
470000	-0.97760900
470200	-1.14861000
470400	-1.64173000
470600	-0.62379500
470800	-1.16130000
471000	-1.11129000
471200	-1.43491000
471400	-1.05469000
471600	-0.21023300
471800	-1.07055000
472000	-0.35357900
472200	-0.86379800
472400	-1.37748000
472600	-1.73183000
472800	-1.72313000
473000	-0.83248800
473200	-0.87706800
473400	0.13372000
473600	-0.67994100
473800	0.31878400
474000	-0.82095300
474200	-0.83293400
474400	0.36223300
474600	-1.65246000
474800	-1.26800000
475000	-0.68479700
475200	1.18707000
475400	-0.59847500
475600	-1.09134000
475800	-0.95268500
476000	0.38350800
476200	1.43897000
476400	0.70347800
476600	-1.44162000
476800	-1.11928000
477000	0.19186600
477200	-1.12141000
477400	-0.35666700
477600	-0.99146400
477800	-1.76766000
478000	-0.95352800
478200	0.19253700
478400	-0.92597100
478600	-2.10095000
478800	-1.68137000
479000	0.27523200
479400	-0.68810200
480000	-1.63137000
480200	0.15719200
480400	-1.06474000
480600	-1.42604000
480800	-1.76657000
481000	-1.17283000
481200	0.34922100
481400	1.05975000
481600	-0.89557800
481800	-0.32955000
482000	-1.14905000
482200	-1.50994000
482400	0.43439500
484400	-1.09998000
484600	-2.26872000
484800	-0.31433300
485000	-0.88314700
485200	-1.41724000
485400	-0.97684400
485600	-1.06390000
485800	0.07441930
486000	-0.86885600
486200	-0.37392700
486400	-0.42342800
486600	-0.00144026
486800	-1.13128000
487000	-1.19702000
487200	0.75594200
487600	1.56277000
487800	0.07234920
488000	-0.57207200
488200	1.50807000
488400	2.44403000
488600	0.08191860
488800	-0.32453000
489000	-1.64705000
489200	-1.41805000
489400	-1.13450000
490400	-0.68790300
490600	0.02634750
490800	-0.69951000
491000	-0.20326600
491200	-0.50330700
491400	-1.05894000
491600	-0.36712900
491800	-0.34320800
492000	-1.30940000
492200	-0.26563900
492400	-0.21423400
492800	-0.76686100
493000	-0.48182900
493200	-0.87314700
493400	-1.42644000
493600	0.20392900
493800	-0.01668800
494200	0.52986200
494400	-0.66214000
494600	-0.24813400
494800	0.55221500
495000	-1.09790000
495200	0.52406600
495400	-1.56667000
495600	-1.33774000
495800	-1.57546000
496000	-1.39221000
496200	-1.40916000
496400	-0.22452100
496600	-0.45454100
496800	-0.92661800
497000	-1.08081000
497200	-1.12379000
497400	-0.43008700
497600	-0.87153700
497800	0.61737800
498000	-1.37430000
498200	0.70451900
498400	-0.76424100
498600	-0.23141500
498800	-1.07683000
499000	-0.52746700
499200	-1.44594000
499400	-1.56020000
499600	-1.29409000
500200	-0.35691200
500400	-1.02792000
501000	-0.01498580
502000	1.73375000
502200	-1.47445000
502400	-2.11409000
502600	-1.94501000
502800	-1.99960000
503000	-0.66159000
503200	-0.31618300
503400	0.71565800
503600	-1.17234000
503800	-0.21269600
504000	-0.63433800
504200	0.47827800
504400	0.71119800
504600	-0.08167700
504800	-0.76601300
505400	-0.72403000
505600	2.21749000
505800	0.94963300
506000	0.17910700
506200	-0.80387200
507400	-0.42731300
507600	-1.43200000
507800	0.45737500
508000	0.92489500
508200	2.30729000
508400	-0.33514400
508600	-0.68988600
508800	0.61485900
509000	2.83918000
509200	0.37791300
509400	0.69210600
509600	-0.93377500
509800	0.35821700
510000	1.70145000
510200	-0.67168900
510400	0.45249400
510600	-1.32944000
510800	-0.19469300
511000	0.97346900
511200	-0.61775900
511400	-1.48331000
511600	3.10395000
512000	0.07067180
512200	-0.37677900
512400	2.89358000
512600	-0.58505600
512800	-0.72489800
513000	0.70549100
513200	0.29302200
513400	-0.96210800
513600	-0.32579500
513800	1.08518000
514000	1.89585000
514200	-0.92201500
514400	-0.90239300
514600	-1.72082000
514800	-1.83610000
515000	0.16716600
515200	1.65753000
515400	-0.50635200
515600	-0.93291400
515800	-1.29345000
516000	-1.34080000
516200	-1.06842000
516400	-0.42208000
516600	-0.85992200
516800	-0.93478400
517000	-0.03648770
517200	-0.27828900
517400	-1.39449000
517600	1.98202000
517800	0.45255300
518000	-0.69267500
518200	-1.28915000
518400	0.16267500
518600	-0.47109700
518800	-0.64751800
519000	-1.46341000
519200	-0.85802600
519400	-0.77852600
519600	-0.82506000
519800	-1.12408000
520000	-1.11874000
520200	-1.34437000
520400	-1.19072000
520600	-1.37852000
520800	-0.65430700
521000	-1.52476000
521200	-1.35544000
521400	-0.03531000
521600	-0.70097800
521800	-1.75681000
522000	-0.96406100
522200	-0.27206100
522400	-1.63971000
522600	0.26543700
522800	0.24864400
523000	1.39638000
523200	0.09785400
523400	-0.00932584
523600	-0.23603100
523800	-0.76799600
524000	-0.22567700
524200	-1.34662000
524400	-1.01188000
524600	-1.24396000
524800	-1.28030000
525000	-0.49694700
525200	-1.12408000
525400	-0.58119100
525600	-0.61952900
525800	-0.58050700
526000	-1.47414000
526200	-0.62246100
526400	-1.54568000
526600	-0.84740000
526800	-0.23583400
527000	-0.91737000
527200	-0.25270400
527400	-0.51203400
527600	-1.49615000
527800	-1.50962000
528000	-1.49862000
528200	-1.26819000
528400	-0.74940500
528600	-1.43138000
528800	-1.47389000
529000	-0.79281900
529200	-1.02761000
529400	-1.12453000
529600	-0.06409470
529800	-1.17340000
530000	-0.77092000
530200	-1.50602000
530400	-1.56561000
530600	-1.35233000
531000	-1.55525000
531200	-0.58957600
531400	-1.73421000
531600	-1.09784000
531800	-1.48124000
532000	-1.65459000
532200	-1.45347000
532400	-0.72362800
532600	0.76922100
532800	-0.90795000
533000	-2.12461000
533200	-1.81141000
533400	-0.22409800
533600	-0.98542100
533800	-2.14377000
534000	-2.07270000
534200	-1.63986000
534400	-0.00207806
534600	-0.54973300
534800	0.09731140
535000	2.14602000
535200	-0.28336600
535400	1.23810000
535600	-1.00050000
535800	-0.42008500
536000	-1.63152000
536200	-1.60116000
536400	-0.90255400
536600	-1.75067000
536800	-1.20835000
537000	0.28867600
537200	-1.39832000
537400	-1.23812000
537600	-1.33613000
537800	0.63193900
538000	0.39766300
538200	-0.91462900
538400	-0.82963900
538600	0.01541870
538800	1.19831000
539000	2.30466000
539200	-1.09626000
539400	0.17697000
539600	0.49003700
539800	0.67341100
540000	0.30866200
540200	-0.40006600
540400	-0.22011000
540600	-1.37842000
540800	-1.52835000
541000	-1.13829000
541200	-0.48368200
541800	-0.15800800
542000	-0.09556770
542200	-1.28757000
542400	-1.04340000
542600	-1.02780000
542800	-0.78081600
543000	1.76345000
543200	0.17026400
543400	-0.76072500
543600	-0.90828900
543800	-1.13486000
544000	0.11011500
544200	0.30259500
544400	-1.04820000
544600	-1.46523000
544800	-0.77734700
545000	-1.44380000
545200	-1.54201000
545400	0.18791300
545600	-0.73900900
545800	-1.28688000
546000	-1.75298000
546200	-0.42450200
546400	-0.56059200
546600	0.92200100
546800	-1.02297000
547000	0.13075200
547200	-1.26926000
547600	-1.22707000
547800	-0.45469800
548000	-0.58534200
548200	-0.26015400
548400	-0.40886900
548600	-1.20036000
548800	-0.32452000
559800	-1.19800000
560000	0.11525600
560200	-0.40206500
560400	-0.36886900
560600	-0.99195500
560800	-1.14830000
561000	-1.16027000
561200	-1.69567000
561400	-0.70167000
561600	0.84266500
561800	0.18856700
562000	-0.36375100
562200	0.90253700
562400	-0.13595600
562600	-1.06845000
562800	-0.80930400
563000	0.51740200
563200	-1.17859000
563400	-0.06328390
563600	-0.71919200
563800	-0.62022600
564000	-0.68613700
564200	-0.41090000
564400	-0.29388700
564600	-0.49525900
564800	-1.12410000
565000	-1.23711000
565200	0.60332600
565400	-0.46272800
566000	-0.77424300
566200	-1.28704000
566400	-0.04414480
566600	-0.17107700
567000	0.97076800
567200	-0.30759600
567400	-1.24634000
567600	-1.89005000
567800	-0.85203000
568600	-0.18579000
568800	-1.27459000
569000	-1.33142000
569200	-1.53478000
569400	-1.38270000
569600	-1.37359000
569800	-0.81194600
570000	-1.75605000
570200	-0.72752200
570400	0.32651600
570600	-0.41124200
570800	-1.04449000
571000	-0.93478300
571200	-0.68336800
571400	-0.72261800
571600	-1.21633000
571800	-0.04363550
572000	0.02214410
572200	-1.41473000
572400	-1.29128000
572600	-0.83042100
572800	-0.22149200
573000	-0.30778700
573200	-1.45439000
573400	-0.94610000
573600	-1.31921000
573800	-0.41446200
574000	-1.12574000
574200	0.45726800
574400	-1.22872000
574600	-0.18213200
574800	-1.16856000
575000	-0.76410600
575200	-0.12416600
575600	-0.47301800
575800	-1.23416000
576000	-1.09939000
576200	-1.27661000
576400	-0.40699700
576600	-1.00949000
576800	-1.61496000
577000	-1.33751000
577200	-1.31418000
577400	-1.46816000
577600	-0.84511600
577800	-0.82478200
578000	-1.49722000
578200	-1.08601000
578400	0.74169800
578600	-0.77294700
578800	-0.46776800
579000	-1.28175000
579200	-0.13345700
579400	-0.56720100
579600	-1.28447000
579800	1.01443000
580000	-0.33652000
580200	0.06791110
580400	0.28268900
580600	0.18576300
580800	-0.90785000
581000	1.53479000
581200	2.32999000
581400	0.07150160
581600	0.04354570
581800	0.90758400
582000	-0.62013600
582200	-0.26426500
582400	-1.17610000
582600	-0.82831800
582800	-0.84314700
583000	-0.49814000
583200	2.01771000
583400	0.65315200
583600	-0.76397500
583800	-1.06046000
584000	-0.14285900
584200	-1.09774000
584400	-0.02280300
584600	-0.52033700
584800	0.85165000
585000	-0.06504420
585200	0.68757300
585400	-0.21549600
585600	-0.31016600
585800	-1.21113000
586000	-0.88896600
586200	-0.69815100
586400	-0.97485100
586600	-0.19086700
586800	-1.33195000
587000	-0.18275000
587200	-0.37053400
587400	-0.48433800
587600	0.69383800
587800	1.11108000
588000	-1.57974000
588200	-0.87963000
588400	-0.39506800
588600	-0.99729300
588800	-0.97440500
589000	-1.37526000
589200	-1.44898000
589400	-1.41034000
589600	-1.52971000
589800	-1.66795000
590000	-1.34404000
590600	0.44530500
590800	-0.48146000
591000	-0.24331000
591200	-1.10000000
591400	2.76985000
591600	-0.22331300
591800	-0.57068000
592000	-1.55153000
592200	-1.20916000
592400	-0.90184400
592600	-1.44905000
592800	-0.80712900
593000	1.81728000
593200	-0.83616200
593400	-0.39127100
593600	-0.18887700
593800	-1.46720000
594000	-1.20833000
594200	-0.83016600
594400	2.03703000
594600	0.32119100
594800	-0.86235300
595000	0.41645600
595200	-0.05122050
595400	-0.99671200
595600	-0.75280500
595800	-0.05666280
596000	-1.49868000
596200	-1.12653000
596400	-1.38494000
596600	-0.62048900
596800	-1.17059000
597000	0.38084600
597200	-0.87171700
597400	-1.68472000
597600	-0.41808200
597800	-0.36980300
598000	-1.37830000
598200	-0.98534700
598400	-0.34908700
598600	-0.79330100
598800	-1.24740000
599000	-0.22754900
599200	-1.07592000
599400	-0.59998800
599600	0.10443200
599800	-1.28210000
600000	0.24160800
600200	-0.27779000
600400	-0.67469000
600600	-1.13539000
600800	-1.35091000
601000	0.31253900
601200	-1.88575000
601400	-1.06672000
601600	-1.46253000
601800	0.13481800
602000	0.87371700
602200	-0.70170500
602400	-1.32057000
602600	-0.15606400
602800	-1.07188000
603000	-1.29044000
603200	-0.11390000
603400	-1.59788000
603600	0.26177800
603800	-0.51082000
604000	-1.01540000
604200	-0.39260000
604400	-1.26868000
604600	-1.63727000
604800	-1.15215000
605000	-1.61900000
605200	-1.76290000
605400	-0.14062900
605600	-0.72355800
605800	-0.85494600
606000	-0.32818700
606200	-0.38765100
606400	-0.18736300
606600	-0.90321700
606800	-0.38981200
607000	-0.18211600
607200	-1.57355000
607400	-0.50359900
607600	-0.82929600
607800	-0.98006700
608000	-0.76723500
608200	-0.57183400
608400	-1.00040000
608600	-1.15317000
608800	-0.45003500
609000	-0.60840200
609400	-1.57011000
609600	0.99125500
609800	-0.33045000
610000	-1.37411000
610200	-1.41986000
610400	0.08726440
610600	0.14849700
610800	-1.36492000
611000	0.23316900
611200	-0.01707370
611400	0.18560400
611600	-0.74461900
611800	-0.37693600
612600	0.79891900
613200	-0.58303900
613400	-1.12446000
613600	0.39249600
613800	-0.63000000
614000	-1.10429000
614200	-0.56411400
614400	-0.65302600
614600	-0.65302600
614800	-1.33539000
615000	-1.31770000
615200	1.30716000
615400	-1.54002000
615600	-0.69770900
615800	-1.54919000
616000	0.17554800
616600	-1.31503000
616800	-0.97208000
617200	0.77747300
617400	0.83491100
618000	-0.90184400
618200	-1.10003000
618600	-0.65302600
619000	-1.31561000
619200	-0.57752100
619400	-1.78841000
619600	-0.80990600
619800	-0.88802800
620000	1.03188000
620200	-1.18209000
620400	-0.45159200
621000	1.03176000
621200	-1.00369000
621400	-1.32435000
621600	0.52814200
621800	-1.10883000
622000	-1.49161000
622200	-2.07294000
622400	-0.07309640
622600	-1.85781000
622800	-1.54323000
623000	-1.61637000
623200	-2.04809000
623400	-0.05660190
623600	-0.94017700
624000	0.50718200
624200	-1.68287000
624400	-1.20686000
624600	-1.16390000
624800	-0.92576200
625000	-1.06401000
625200	-0.39134300
625400	-0.29497400
625600	0.20274100
626000	2.17216000
626600	-0.15254700
626800	-1.38696000
627000	-1.40687000
627200	-0.78078200
627400	-1.06769000
627600	-1.44469000
627800	-0.90184400
628000	-1.46932000
628200	-0.73122400
628400	-1.38674000
628600	-0.10474900
628800	-0.25111300
629000	-0.83643100
629200	-0.52241600
629400	-0.54402700
629600	-0.57047600
629800	-0.00027552
630000	-1.90838000
630200	-1.12344000
630400	-1.14088000
630600	1.05204000
630800	-0.70773400
631000	0.29191500
631200	0.37749700
631400	-0.76893200
631600	-1.56678000
631800	-1.08363000
632000	-1.80502000
632200	-0.37548200
632400	-0.79591700
632600	-0.83468300
632800	0.52831300
633000	-0.07972530
633200	-0.53172900
633400	-1.28567000
633600	-0.10474900
634400	-0.82438400
634600	-0.78605600
634800	2.00161000
635000	0.24492900
635200	-1.14743000
635400	-1.16834000
635600	-0.23689000
635800	-1.62915000
636000	-0.11831500
636200	-1.17383000
636400	-1.30888000
636600	-1.67226000
636800	0.14646600
637000	-0.04691230
637200	-0.03760530
637400	-0.65540100
637600	-0.70078800
637800	-1.48895000
638000	0.13362300
638200	1.90613000
638400	0.35634700
638600	-1.21331000
638800	-1.34188000
639000	-0.59383600
639200	0.07959380
639400	-1.26689000
639600	-0.99079900
640800	-1.09896000
641000	-0.28409000
641200	-0.37090000
641400	-0.14752500
641600	1.16351000
641800	-0.78120100
642000	3.47797000
642200	0.47936900
642400	0.57602000
642600	-1.56858000
642800	-0.77289900
643000	-0.14128400
643200	-1.05405000
643400	-1.34271000
643600	-1.82192000
643800	-1.56546000
644000	-1.53341000
644200	-1.07562000
644400	-1.79978000
644600	-0.80284700
644800	-1.57639000
645000	-0.54169400
645200	-1.14861000
645400	-1.12392000
645600	0.89547300
645800	-0.12533200
646000	-0.12018900
646200	-0.23814300
646400	-0.81509700
646600	-1.02421000
646800	0.01678470
647000	-1.19061000
647200	-1.44528000
647400	-1.73142000
647600	-0.82431000
647800	-1.67321000
648000	-1.55610000
648200	-0.82867300
648400	-1.43674000
648600	-0.13174900
648800	-0.68790300
649000	-0.46507500
649200	-1.43398000
649400	-0.50728900
649600	-1.19585000
649800	-0.24187700
650000	-0.42869400
650200	0.40429400
650400	-0.50101200
650600	-1.45820000
650800	-1.02792000
651000	-0.98597100
651200	0.24548900
651400	-0.48576100
651600	-1.40509000
651800	-0.75552400
652000	-1.42967000
652200	-0.30982800
652800	-1.25598000
653000	0.96797400
653200	-1.25293000
653400	-0.33300300
653600	-1.60493000
653800	-0.67359000
654200	-1.05139000
654400	-1.36685000
654600	-1.09538000
655600	-1.59678000
655800	-1.18919000
656000	-0.43336900
656200	-0.85110200
656400	-1.52666000
656600	-1.48359000
656800	-1.33864000
657000	-1.36343000
657200	-1.41780000
657400	-0.01711600
657600	-0.82819600
657800	-0.56080100
658000	-0.37659300
658200	-1.77095000
658400	-0.29055300
658600	-1.21020000
658800	-0.90184400
659000	-0.84284500
659200	-0.54799400
659400	0.14311500
659600	0.56910600
659800	0.07071610
660000	-1.35493000
660400	1.61752000
660600	1.69664000
661000	0.33567200
661200	2.25593000
661400	-0.84568600
661600	1.21677000
661800	-1.75764000
662000	-1.72632000
662200	2.81304000
662400	-1.49846000
662600	-1.11954000
662800	-0.78517900
663000	-1.12260000
663200	-1.30704000
663400	-1.25836000
663600	0.14779300
663800	-0.62129300
664000	-0.90975600
664200	-1.02973000
664400	-1.69032000
664600	-0.04465850
664800	1.18172000
665000	4.04070000
665200	-1.70183000
665400	-0.70024500
665600	-0.86119200
665800	-0.06289860
666000	-0.26815000
666200	-1.19237000
666400	-0.79260100
666600	0.48854700
666800	-0.55675000
667000	-0.91817600
667200	-1.44192000
667400	-1.56472000
667600	-1.27149000
667800	-1.13684000
668000	0.43145000
668200	-0.79060500
668400	-0.96439500
668600	-1.26232000
668800	-0.55781600
669000	1.67655000
669200	0.71795700
669400	0.22171300
669600	-1.14845000
669800	-1.61359000
670000	-0.76820500
670200	-0.86149400
670400	1.53322000
670600	-0.46228300
671800	0.34536400
672000	-0.30219200
672400	-1.40253000
672600	-0.37395300
672800	-0.51737200
673000	-0.40180200
673200	-0.05744880
673400	-0.94946800
673600	-1.23222000
673800	-0.36852800
674000	-0.01855450
674200	-0.30585800
674400	-1.24788000
674600	-0.97551500
674800	-0.64501400
675000	-0.88923200
675200	0.15737100
675400	-0.15661700
676200	0.94193300
676400	1.38668000
676600	0.13720900
676800	-0.74160700
677000	0.64723300
677200	-0.54368400
677400	-1.50760000
677600	-1.31753000
677800	-0.41549000
678000	0.52812200
678400	-0.90184400
678600	0.37684200
678800	-1.05645000
679000	-1.50385000
679200	-0.54188400
679400	1.14239000
679600	-0.12678700
679800	0.96161300
680000	-1.26467000
680200	-1.24066000
680400	-1.64730000
680600	0.04354130
680800	-0.93742400
681000	-1.18334000
681200	-0.49506600
681400	-1.30288000
681800	0.51793700
682000	0.65453100
682200	-0.75832500
682400	-0.38627700
682600	-1.28033000
682800	-0.55439400
683200	-0.87028200
683400	0.61725000
683600	-0.67191600
683800	-1.25665000
684000	-1.35830000
684200	-1.00697000
684600	-1.25623000
684800	-0.80371000
685400	-1.42944000
685600	-0.44722600
685800	0.83148300
686000	-0.98613100
686200	-0.12779500
686400	-0.15254700
686600	-0.30329500
686800	-1.24328000
687000	-1.68213000
687200	-0.56953700
687400	0.08355360
687600	-1.34407000
687800	-0.23564400
688000	0.45954000
688200	-0.43903800
688400	0.47016700
688600	0.41915100
688800	-1.09434000
689000	-0.46685200
689200	-1.29965000
689400	-0.74392200
689600	-0.79667200
689800	-0.94206600
690000	-1.05265000
690200	-1.03820000
690400	-0.27798800
690600	-0.10343300
690800	-0.09253170
691200	-0.31651500
691400	-1.32252000
691600	-0.41359200
691800	-0.84014500
692000	1.61642000
692200	-1.47457000
692400	-1.12646000
692600	-1.24465000
692800	-0.43156000
693000	-0.77482900
693200	-1.58861000
693600	-0.78889500
693800	1.38764000
694000	2.17378000
694200	-0.31677800
694400	-0.30277900
694600	0.00747447
694800	-1.51018000
695000	-0.59340200
695200	-1.06638000
695400	-1.35698000
695600	-0.30057700
695800	-0.27545700
696000	-0.10556600
696200	-0.11117000
696800	0.53334200
697000	-0.39400700
697200	-1.59747000
697400	-0.02465150
697600	-1.38225000
697800	-1.57969000
698000	1.67145000
698200	-0.75682200
698400	0.54434300
698600	0.27545900
698800	0.56465700
699000	0.24202700
699200	0.18788500
699400	0.57988600
699600	-1.32909000
699800	-0.84447200
700000	0.11752400
700200	-0.79043000
700400	0.35505300
700600	0.13608400
700800	2.68026000
701000	0.93020400
701200	1.25139000
701400	2.08286000
701600	0.97125500
702000	-0.75832500
702200	0.12103800
702400	-1.10066000
702600	-1.09502000
702800	0.79613600
703000	-0.49639400
703200	-0.59683300
703400	-1.02761000
703600	-1.56497000
703800	-1.22272000
704000	-0.74679500
704200	-1.23060000
704400	-0.51863900
704600	-0.86805300
704800	1.98335000
705000	-1.25952000
705200	-0.89963600
705400	-0.84674000
705600	-0.55877600
705800	-0.59263800
706000	-0.86577600
706200	-0.76765600
706400	-1.13356000
706600	-1.13374000
706800	-1.29468000
707000	-0.68790300
707200	-0.69655700
707400	0.23407800
707600	1.41173000
707800	-0.06580340
708000	-0.84604700
708200	-1.13854000
708400	-1.62522000
708600	-1.34962000
708800	-1.12756000
709000	0.05237790
709200	1.59845000
709400	-1.26013000
709600	0.07016240
709800	-0.86480100
710000	-0.41606000
710200	0.32680100
710400	-1.19628000
710600	0.52252300
710800	-1.07255000
711000	-1.25896000
711200	-0.58541600
711400	-0.98186500
711600	-1.44503000
711800	-1.63251000
712000	-1.29081000
712200	-0.90803300
712400	-1.23785000
712600	-0.01956690
712800	-0.21042700
713000	-1.02747000
713200	-0.54973300
713400	-1.33398000
713600	1.70163000
713800	1.08485000
714000	-0.26525600
714200	-0.40683900
714400	0.14760600
714600	-1.56019000
714800	1.89286000
715000	0.60712100
715200	1.40502000
715400	0.55251000
715600	1.96524000
715800	0.85601400
716000	1.46605000
716200	1.94945000
716400	2.75569000
716600	-1.52860000
716800	-1.36768000
717000	-0.51696100
717200	-1.90009000
717400	-2.09111000
717600	-1.08233000
717800	-1.42406000
718000	-1.30511000
718200	-0.31554200
718400	-1.30857000
718600	-0.94100500
718800	-1.50166000
719000	-1.13933000
719200	-1.78706000
719600	-1.60720000
719800	0.00150136
720000	-0.06434660
720200	-1.05654000
720400	0.07123850
720600	-1.15114000
720800	-1.00709000
721600	-0.48786100
721800	-0.08512070
722000	-1.59241000
722200	-1.41585000
722400	-0.93467600
722600	-1.07152000
722800	-0.51336700
723000	-0.87799400
723200	0.06767100
723400	-0.51407900
724400	-1.12246000
724600	-1.51884000
724800	-0.51331800
725000	-1.02163000
725200	-1.46291000
725400	-0.95892500
726000	-1.01503000
726200	-0.47205300
726400	-1.62366000
726600	-1.64154000
726800	-1.13928000
727000	1.84533000
727200	-0.43642700
727400	-1.58935000
727600	-0.60463800
727800	-0.08023150
728000	0.05706760
728200	-0.05132530
728400	-0.68685500
728600	-0.50328400
728800	-1.48488000
729000	0.02790690
729200	-0.41197600
729400	-1.05890000
729600	-1.26380000
729800	-0.80710300
730000	-1.16077000
730200	-0.79387100
730400	-1.55614000
730600	-1.42238000
730800	-1.17869000
731000	-0.17399500
731200	-0.48696000
731400	-1.62740000
731600	-0.16419600
731800	-1.19723000
732000	-0.65302600
732200	-1.29733000
732400	-0.47730900
732600	-0.48606900
732800	-0.06841090
733000	0.78053700
733200	-1.26961000
733400	-1.51326000
733600	-1.16472000
733800	-0.45582600
734000	-0.49857500
734200	-0.42860600
734400	-1.04221000
734600	-1.02773000
734800	-1.48519000
735000	-1.18327000
735200	-0.76833800
735400	-1.21794000
735600	-1.02019000
735800	2.05689000
736000	-0.14272900
736200	0.17166000
736400	0.41769200
736600	-0.61517600
736800	-0.86909400
737000	-0.01426970
737200	-0.92016600
737400	0.38159700
737600	0.74935100
737800	-1.15345000
738000	-0.55869500
738200	-1.74334000
738400	0.28098300
738600	0.22827800
738800	-0.84406500
739000	1.62231000
739200	0.83356800
739400	-1.06434000
739600	-0.58394100
739800	-1.17300000
740000	-0.62446200
740200	-0.48679500
740400	-0.71743100
740600	-0.24354900
740800	-0.72923200
741000	-0.79787300
741200	0.33015000
741400	-1.02243000
741600	-1.36938000
741800	0.34390800
742000	-0.96332100
742200	-1.75853000
742800	-1.59173000
743000	-1.51313000
743200	-1.06198000
743400	0.17663700
743600	0.30895400
743800	-0.23040400
744000	-0.44016400
744200	0.54016700
744400	-1.16569000
744600	-0.73263700
744800	-0.03963730
745000	0.00912535
745200	-0.85906100
745400	-0.69501900
745600	0.19969200
745800	1.09144000
746000	1.82289000
746200	-1.07567000
746400	-1.34574000
746600	-0.40904200
746800	-0.54990600
747000	-1.07283000
747200	-1.74991000
747400	0.42819700
747600	0.35767300
748000	0.50990800
748200	-0.71255800
748400	-0.36199800
748600	-0.03601950
748800	-1.38651000
749000	-0.41276200
749200	-1.08976000
749400	-1.70596000
749600	-0.24045200
749800	-1.24132000
750000	-1.29250000
750200	-0.58989000
750400	-0.14863300
750600	-0.13857200
751000	0.19911200
751200	0.36962600
751400	0.99909800
751600	-0.68790300
752000	-0.42855200
752200	-0.60572800
752600	-1.06989000
752800	-1.39695000
753000	-0.75832500
753200	-1.51926000
753400	-1.07375000
753600	-1.75840000
753800	-1.28550000
754000	-1.38342000
754200	-1.16079000
754400	-0.89433800
754600	-2.08874000
754800	-1.24184000
755000	1.45597000
755200	-0.90184400
755400	-2.16435000
755600	-1.20741000
755800	-1.72643000
756000	-0.94683100
756200	-1.52750000
756400	-0.72510600
756600	-1.42125000
756800	-0.99820900
757000	-1.65985000
757200	-0.04917990
757400	-0.34188000
757600	0.21367200
757800	0.24965600
758000	1.22107000
758200	-0.38211900
758400	2.24416000
758600	1.58974000
758800	-0.30536100
762400	-0.47371800
762600	-0.28111700
762800	-0.90365400
763000	-1.30917000
763400	1.40409000
763600	-1.43544000
763800	2.30157000
764000	1.93641000
764200	1.26575000
764400	-1.37957000
764600	1.78811000
764800	-1.73856000
765000	1.24031000
765200	-0.10192200
765600	-1.31681000
765800	-0.67647800
766000	0.25647300
766200	-0.40570700
766400	-0.00311064
766600	0.48391300
766800	-0.66439100
767000	-1.62895000
767200	0.31253900
767400	-0.75752400
767600	-0.38899900
767800	-1.00948000
768000	0.38524000
768200	-1.34787000
768400	-0.65332200
768600	-1.82622000
768800	0.55873500
769000	0.55046500
769400	-0.58394100
769600	-0.39671400
769800	-0.15793400
770000	-0.23777800
770200	0.88601200
770400	0.33777400
770600	-1.10364000
770800	-0.17275800
771000	-0.49959400
771200	-1.63178000
771400	1.09093000
771600	-0.65452700
771800	-0.18454200
772000	-0.85114400
772200	-1.13485000
772400	-1.05195000
772600	-1.15464000
772800	-1.08523000
780200	-0.72048100
780400	-1.59956000
780600	0.14470900
780800	1.19696000
781000	0.49981500
781200	0.79132600
781400	0.91476800
781600	-0.93132800
781800	-1.07687000
782000	-1.68307000
783000	-1.63793000
783200	-1.62089000
783400	-1.16935000
783600	-0.24889300
783800	-1.30327000
784000	-0.12980100
784200	-0.30776100
784400	-0.72420000
784600	0.65435600
784800	0.95994400
785000	-0.52262200
785200	-0.48997100
785400	-1.61949000
785600	-0.88323200
785800	0.28161300
786000	-0.48197300
786200	-0.91687900
786400	-0.95977600
786600	-0.88165100
786800	-1.17476000
787000	-0.15831400
787200	2.66925000
787400	-1.03587000
787600	-1.34774000
787800	-0.38291400
788000	-0.62640000
788200	0.14490300
788400	-0.08019320
788600	-1.17425000
788800	-0.76156500
789000	-1.36574000
789200	-0.85221600
789400	-0.31784300
789600	-0.94016800
789800	-0.33704700
790000	-0.99305700
790200	-0.72300300
790800	-1.57442000
793600	-0.64158400
793800	0.40874900
794000	0.07607160
794200	-1.24079000
794400	0.64344800
794600	-0.67374400
794800	-0.48828900
795000	-0.86516100
795200	-1.25541000
795400	-1.24566000
795600	-0.78704000
795800	-1.30427000
796400	0.02188040
796600	-1.09237000
796800	-1.69591000
797000	-1.94581000
797200	-0.95241300
797400	-0.60539800
797600	-1.22615000
797800	0.92277700
798000	-0.80148000
798200	-0.36456500
798400	1.23135000
798600	-0.72621800
798800	0.28273000
799000	0.88910000
799200	1.10140000
799400	0.34371200
799600	0.38691300
799800	-1.71936000
800000	-0.29538400
800200	-0.96823800
800400	0.76744600
800600	-1.00369000
800800	0.13479300
801000	-0.31812900
801200	-1.73680000
801400	-0.25804200
801600	-1.56960000
801800	-0.68473300
812400	1.48479000
812600	-0.47089500
812800	-0.03994910
813000	-0.70697100
813200	-0.72763800
813400	-0.24761700
813600	-0.43043300
813800	-1.06848000
814000	-0.40607100
814200	-0.91483200
814400	-1.62616000
814600	-0.58175800
814800	-0.24051700
815000	-1.50351000
815200	-0.04629100
815400	0.23170100
815600	-1.18967000
815800	-1.20194000
816000	-0.15899400
816200	-0.03008780
817400	-0.42163800
817600	-0.36382300
817800	0.69993900
818000	-0.09353080
818200	-0.00228998
818400	0.30362400
818800	-1.40871000
819000	-1.31098000
819200	0.26135300
819400	-0.70258700
819600	-1.09330000
819800	-0.75832500
820000	-0.95907000
820200	0.19862700
820400	-0.66764400
820600	1.43685000
820800	-0.14548500
821000	0.08389870
821200	0.28570100
821400	0.51725600
821600	-0.30329900
821800	-0.76557100
822000	-0.46162200
822200	-0.51574800
822400	-1.19916000
822600	-1.13247000
822800	-1.05656000
823000	-1.07271000
823200	-0.86416300
823400	-0.65198800
823600	-0.27417100
823800	-1.58459000
824000	-1.16309000
824200	0.21268500
824400	-1.27375000
824600	-1.37979000
824800	-1.20029000
825000	-0.90960800
825200	-1.62955000
825400	-1.71619000
827600	-0.61837200
827800	0.25011500
828000	1.47692000
828200	-0.79369700
828400	0.17509500
828800	0.79760800
829000	-1.11995000
829200	-1.67426000
829400	0.10733100
829600	0.03465540
829800	-1.75250000
830000	-0.47846300
830200	-1.01112000
830400	-0.19742100
830600	-1.02278000
830800	0.48451400
831000	-0.63564600
831200	0.26918300
831400	-1.07589000
831600	-0.69438800
831800	-1.76227000
832000	-0.64841900
832200	-0.17213800
832400	-1.33813000
832600	-1.39976000
833200	-0.66725900
833400	-0.88602400
833800	-0.99233900
834000	-1.02973000
834400	-0.67469000
834600	0.59610400
835200	-0.59041300
835400	-1.54751000
835600	-1.24404000
835800	-1.66589000
836000	-0.18003000
836400	-0.86753200
837000	-1.02973000
837200	-0.65095200
837400	-1.37181000
837600	-1.64773000
837800	-1.11174000
838000	-1.52712000
838200	-0.04450780
838400	-0.89048400
838600	-1.23235000
838800	-1.31419000
839000	-1.33080000
839200	0.40665500
839400	-1.53700000
839600	-0.09092180
840000	-1.44456000
840200	-0.48860100
840400	-1.00840000
840600	-0.76635300
840800	-1.10453000
841200	-1.26713000
841400	-0.11011400
841600	-1.22541000
841800	-0.73952900
842000	0.33868400
842200	-0.65855100
842400	-0.91353700
842600	-0.74729200
842800	-1.13854000
843000	2.26433000
843200	-0.70422800
843400	-0.44141000
843600	-1.28346000
843800	-1.64915000
844000	-1.19685000
844200	0.31452100
844400	-0.09494080
844600	1.78621000
844800	-0.12448300
845000	0.51137700
845200	0.42289600
845400	0.60834700
845600	0.18917500
845800	-0.17396000
846000	0.59011400
846200	0.20430200
846400	0.48736800
846600	1.36996000
846800	0.06000490
847000	-0.75668900
847200	-1.14269000
847400	-0.36088500
847600	-0.42465700
847800	-0.34755600
848000	0.93112500
848200	-0.40169700
848400	-0.57843900
848600	0.05367120
848800	0.08660210
849000	0.77753200
849200	0.20118300
849400	-1.18888000
849600	-0.78599100
849800	-1.20676000
850000	0.97903100
850200	-1.20379000
850400	-1.39712000
850600	-1.20231000
850800	-0.27003100
851000	1.13618000
851400	1.01378000
851600	-0.25092700
851800	-1.67940000
852000	-0.89180900
852200	-1.47705000
852400	-0.54769000
852600	-0.75564500
852800	-1.03077000
853000	1.04240000
853200	-0.66187000
853400	1.15242000
853600	-0.60950100
853800	2.48753000
854000	-0.26927400
854200	-1.18904000
854400	-1.60408000
854600	-1.15338000
854800	-0.35014800
855000	0.09459110
855200	-1.33820000
855400	-0.23820600
855600	-1.04093000
855800	-0.37924400
856000	-0.07323370
856200	-0.96867500
856400	0.89920400
856600	-1.74065000
856800	-0.94735800
857000	-0.93175700
857200	2.64085000
857400	-0.30687800
857600	-0.58657000
857800	-1.16410000
858000	-0.28659300
858200	-1.42672000
858400	-1.40420000
858600	-1.05953000
858800	-0.99549500
859000	-0.39816400
859200	-0.90806200
859400	-1.03749000
859600	-0.03444850
859800	-1.38421000
860000	-1.59645000
860200	-1.49177000
860400	-0.17170600
862200	-0.97555900
862400	-0.36569500
862600	-0.16891700
862800	-1.66112000
863000	-1.60403000
863200	0.01586940
863400	0.04568310
863600	2.19780000
863800	0.35842400
864000	-1.76483000
864200	-0.71819500
864400	-1.25108000
864600	-1.51680000
864800	-1.74797000
865000	-1.41017000
865200	-0.93327200
865400	-0.90184400
865600	-0.86563000
865800	-0.52095400
866000	-0.68790300
866200	-0.60984700
866400	-0.97538400
866600	-1.38054000
866800	-1.71513000
867000	0.68807200
867200	-1.26377000
867400	-1.08461000
867600	-1.37547000
867800	0.59949100
868000	-0.69258900
868200	0.42107000
868400	-1.45750000
868600	-0.41512900
868800	-0.62212100
869000	-0.50585300
869200	1.14846000
869800	-0.33083700
870000	-0.42363700
870200	-1.07897000
870400	-1.25053000
870600	-0.67757600
870800	-1.01112000
871000	-0.62792500
871200	-1.25479000
871400	-0.73246700
871600	-1.15013000
871800	-0.47416300
872000	-1.09373000
872200	1.06944000
872400	-0.84082400
872600	2.13456000
872800	1.32556000
873000	4.70283000
873200	2.13550000
873400	1.78610000
873600	2.30137000
873800	-0.76974800
874000	-0.85193200
874200	-0.66743100
874400	-1.54330000
874600	-0.54003100
874800	-1.29926000
875000	-0.80705300
875200	-1.12415000
875400	2.43999000
875600	3.33711000
875800	1.96566000
876000	2.44338000
876200	0.51823900
876400	2.24014000
876600	1.68536000
876800	2.50899000
877000	0.82196600
881400	-1.05707000
881600	2.25407000
881800	1.62751000
882000	1.78236000
882200	-0.88562300
882400	-1.29994000
882600	-0.46718900
882800	-1.81940000
883000	-1.95635000
896200	1.29607000
896400	0.06298670
896600	-1.75745000
896800	0.83132100
897000	0.76712200
897200	1.27715000
897400	0.16345000
898000	-1.64718000
898200	-1.65182000
898400	-1.14861000
899000	-0.96021700
899200	0.10547000
899400	-1.29055000
899600	-1.26110000
899800	-0.97990500
900000	-0.77692900
900800	-0.68283700
901000	-0.78363400
901200	-0.93588800
901400	-0.72300300
901600	0.03953220
901800	-0.14331800
902000	1.72261000
902200	-0.12372000
902400	-1.39451000
902600	-0.27326800
902800	-0.45555200
903000	-1.14505000
903200	1.14882000
903800	-1.24499000
904000	-1.47875000
904200	-1.43908000
904400	-1.04105000
904600	-1.30093000
904800	-1.12392000
905000	-0.93486900
905200	0.31081200
905400	-1.28674000
905600	-0.85039400
905800	-0.85822900
906000	-0.23308400
906200	-1.06652000
906400	0.23264200
906600	-1.19516000
906800	-1.49577000
907000	-0.45555400
907200	-1.07345000
907400	-0.08710740
907600	-0.70115700
907800	-0.50545600
908000	-1.76712000
908200	-1.77095000
908400	-0.75068300
908600	-0.09167300
909000	-0.97961400
909200	-1.12551000
909400	0.18469700
909600	-0.97735700
909800	-0.41327300
910000	-1.30658000
910200	-1.25935000
910400	0.32927300
910600	-1.65974000
910800	-1.55603000
911000	-0.39207300
911200	1.42360000
911400	-1.42964000
911600	-1.22488000
911800	-0.81956200
912000	-0.18736200
912200	-0.11899200
912400	-1.04796000
912600	-1.21102000
912800	-1.08963000
913000	-0.71682100
913200	-1.45809000
913800	-0.61752900
914000	-1.60800000
914200	-0.62094500
914400	-1.13699000
914600	-1.09742000
914800	-0.50203000
915000	0.86993200
915200	-0.84733000
915400	-1.13438000
915800	-0.00856854
916000	-1.00369000
916200	-0.69672600
916400	-1.28421000
916600	-1.35159000
916800	-0.89618900
917000	-0.58779100
917200	-1.00398000
917400	0.49233000
917600	-0.68751500
917800	-0.72900700
918000	-1.44351000
918200	-1.56943000
918400	-1.07906000
918600	-1.34592000
918800	-0.66642800
919000	-0.92010400
919200	-1.22948000
919400	-1.08305000
919600	0.06336840
919800	-0.70540600
920000	-1.17158000
920200	-0.36592700
920400	-0.91191100
920600	-0.73032800
920800	-1.37875000
921000	-1.34399000
921200	-1.79349000
921400	-0.96553600
921600	-1.35650000
921800	-0.99766200
922000	-1.64013000
922200	-0.74687000
922400	-0.05994550
922600	0.12529600
922800	-1.73816000
923000	-1.21293000
923200	-0.05913670
923400	-1.26706000
923600	-0.61052000
923800	-0.29066700
924000	-0.69649500
924200	0.31467500
924400	-0.49740100
924600	-1.07574000
924800	-1.36119000
925000	-1.12399000
925200	-1.79255000
925400	-0.54145500
925600	-1.18502000
925800	-0.05567970
926000	-0.72417900
926400	-0.26221200
926600	-0.66829600
926800	-0.01543100
927000	-0.71309900
927200	-0.01885180
927400	0.32844700
927600	-0.81922100
927800	-0.19354800
928000	-0.85031800
928200	-1.72983000
928400	-0.93191300
928600	-0.48198500
928800	-1.28911000
929000	-1.34974000
929200	-0.82515900
929400	-1.26859000
929600	-1.61909000
929800	-1.24717000
930000	-1.64705000
930200	-1.22285000
930400	-1.02107000
930600	-1.02168000
930800	-0.74020800
931000	0.16814800
931200	-1.46497000
931400	-1.12158000
931600	-1.12889000
931800	-1.09861000
932000	-1.15154000
932200	-0.71793500
932400	-0.81620800
932600	-0.07784690
932800	-0.55442000
933000	0.27889700
933200	-1.20985000
933400	-1.16905000
933600	-0.95633100
933800	-0.59373400
934400	-0.88843900
934600	0.62354900
935000	0.99877700
935200	-1.40978000
935400	-0.06085780
935600	-0.38203500
935800	-1.30528000
936000	-0.90184400
936200	-0.44453600
936400	0.30596800
937000	-0.30758400
937200	-0.56365200
937400	-1.17283000
937600	1.99449000
938000	0.30241400
938200	-0.36272500
938600	-0.96175900
938800	-0.89211600
939000	-0.69752400
939200	-0.26091000
939400	-1.16384000
939600	-0.45308800
939800	-1.02972000
940000	-1.64354000
940200	-0.32545100
940400	-0.81120700
940600	-0.82333500
940800	-0.46372800
941000	-1.61049000
941200	-0.67582200
941400	-0.86563000
941600	-1.19886000
941800	-1.19357000
942000	-1.22206000
942200	-0.97686300
942400	-1.06109000
942600	-0.68961400
942800	0.14147100
943000	-0.62632900
943200	-1.09607000
943400	-0.55127100
943600	-1.42932000
943800	-0.29823000
944000	-0.62113400
944200	-1.06986000
944400	0.74734100
944600	-1.22946000
944800	3.94857000
945000	-0.37001400
945200	-0.95570300
945400	-1.25901000
945600	-1.26689000
945800	-1.17238000
946000	-1.22946000
946200	-0.93747600
946600	-0.89199500
946800	-1.09392000
947000	-0.61928800
947200	-0.39101100
947400	-1.45144000
947600	-1.38858000
947800	-1.25689000
948000	-1.12421000
948200	-1.68485000
948400	-0.60830000
949000	-0.86964500
949200	0.46279700
949400	-0.79387100
949600	-1.39341000
949800	0.63786600
950000	0.86125200
950200	-0.04610360
950400	-1.13285000
950600	-0.86641800
950800	-1.39854000
951000	-0.14621900
951200	-0.85485500
951400	-1.00347000
951600	-0.50419700
951800	-1.04477000
952000	0.68084000
952200	-0.86729800
952400	-0.90358700
952600	-0.76384500
952800	-0.78482800
953000	-1.20069000
953200	-1.37754000
953400	0.35255600
953600	-1.03411000
953800	-1.25705000
954000	-0.81372500
954200	-1.06944000
954400	-0.91041500
954600	-1.52885000
954800	-1.18705000
955000	-1.59655000
955200	-0.19392700
955400	-0.84421400
955600	-1.16635000
955800	-1.90193000
956000	-1.17471000
956200	-1.48965000
956400	-2.14436000
956600	-0.94588800
956800	-1.42529000
957000	-1.41928000
957200	-1.11843000
957400	-1.54823000
957600	-0.77939000
957800	-1.23559000
958000	-1.79071000
958200	-1.38932000
958400	-1.84741000
958600	-1.66288000
958800	-0.60153100
959000	0.33688800
959200	-1.02792000
959400	-1.14378000
959600	-0.86351800
959800	-0.51224100
960000	-0.88855600
960200	-0.56009900
960400	-0.77855000
960600	0.61572800
960800	-0.90184400
961000	0.89348100
961200	-0.90184400
961400	-1.17537000
961600	-1.91802000
961800	1.77421000
962200	-1.02317000
962400	-1.49273000
962600	-1.36595000
962800	-0.77770900
963000	-1.16454000
963200	-1.49601000
963400	-1.72532000
963600	-0.57225300
963800	-1.35655000
964000	-0.54082500
964200	-0.86251400
964400	-1.07815000
964600	-0.36391700
964800	-0.14455400
965000	-1.44331000
965200	-1.26078000
965400	-0.57788800
965600	-1.14962000
965800	-1.14405000
966000	-1.19856000
966200	1.38248000
966400	-0.34585500
966600	-0.16894100
966800	-0.65108100
967000	-1.22661000
974800	-1.22946000
975000	0.10111800
975200	-0.97054100
975400	-0.26932300
975600	-0.49944600
975800	1.03784000
976000	-0.98981400
976200	-1.48299000
976400	-0.99801500
976600	0.86125200
976800	-1.19788000
977000	-0.45893200
977200	0.62358500
977400	-0.22149500
977600	-1.28602000
977800	-0.74063500
978000	-0.42911700
978200	-0.27358100
978400	-0.99814100
978600	-0.80147900
978800	-1.62344000
979000	-1.06059000
979200	0.51302200
979400	-0.47937900
979600	-1.15757000
979800	0.45402800
980000	-1.10966000
980200	-1.43092000
980400	-1.14861000
980600	-1.14861000
980800	0.11029300
981000	-1.30301000
981200	-1.21605000
981400	-1.06779000
981600	-1.27393000
981800	-0.88162500
982000	0.26831700
982200	-0.97214000
982800	-1.01834000
983000	-0.73748100
1022000	-1.21100000
1022200	-0.43825500
1022400	-0.32138600
1022600	-0.98469800
1022800	-0.01602490
1023000	-1.96310000
1023200	0.00352255
1023400	-1.03137000
1023600	-0.93206400
1023800	-0.96095900
1024000	-1.19795000
1024200	-0.92872000
1024400	-1.64425000
1024600	0.51758600
1024800	0.34155700
1025000	1.94511000
1025200	-0.33838800
1025400	-1.00718000
1025600	0.18040600
1025800	-1.46176000
1026000	-0.60506200
1026600	-1.53160000
1026800	-0.48198500
1027000	-0.58064700
1027200	-1.07811000
1027400	-1.08232000
1027600	-1.22044000
1027800	-1.51257000
1028000	-0.86149400
1028200	-1.66401000
1028400	-0.50707600
1028600	-1.41472000
1028800	-0.34083900
1029000	0.56209900
1029200	-1.51618000
1029400	-1.22848000
1029600	-0.57858800
1029800	-0.56238000
1030000	-1.27816000
1030200	-1.02624000
1030400	-0.75641200
1030600	-0.77181300
1030800	-0.87665400
1031000	-0.70449700
1031200	-1.30014000
1031400	-1.34894000
1031600	-1.07627000
1031800	-1.19721000
1041400	-1.08208000
1041600	-1.04476000
1041800	-1.64938000
1042000	-0.70323300
1042200	-0.75931200
1042400	0.16540400
1042600	-1.51202000
1042800	0.61719500
1043000	-0.95568800
1043200	0.12867800
1043400	-0.86164600
1043600	-0.11669400
1043800	-0.45001900
1044000	-0.92212900
1044200	-0.91100700
1044400	-1.33394000
1044600	-1.20104000
1044800	-0.89781300
1045000	-1.01251000
1045200	-1.56936000
1045400	-0.88560100
1045600	-0.73737000
1045800	-1.59354000
1046000	-0.38508900
1046200	-0.03475030
1046400	-1.54612000
1046600	-1.10998000
1046800	-1.03220000
1047000	-1.28666000
1047600	-0.39508300
1047800	-0.96470600
1048000	-1.11810000
1048200	-0.41322700
1048400	-1.33189000
1048600	-1.56062000
1048800	-1.18965000
1049000	-1.09653000
1049200	0.10087100
1049400	-1.37390000
1049600	-0.28409000
1050600	-2.36544000
1050800	-1.97990000
1051400	-2.12102000
1051600	-1.45748000
1051800	-1.84859000
1052000	-0.06684900
1052200	-0.83029000
1052400	0.27953200
1052600	1.00490000
1060400	-0.77168300
1060600	-0.53027600
1060800	0.02068080
1061000	2.33291000
1061200	-1.60978000
1061400	1.71474000
1061600	1.96407000
1061800	-0.82651800
1062000	-0.89186500
1062200	0.17753800
1062400	-1.13102000
1062600	-0.57835300
1062800	0.17518000
1064400	0.13098200
1064600	-0.14695200
1064800	-1.58875000
1065000	-0.23068400
1065200	-0.36891900
1065400	-1.11076000
1065600	-1.29425000
1065800	-0.84659700
1066000	-1.12058000
1066200	-1.16845000
1066400	-0.82036200
1066600	-0.74025200
1066800	-0.69877900
1067000	-0.25167300
1067200	-0.36403500
1067400	0.45699900
1067600	-0.91848600
1067800	-0.65200800
1068000	-1.65213000
1068200	-0.64116700
1068400	0.14694000
1068600	-0.55701300
1068800	0.24991600
1069000	-0.89153700
1069200	-0.42770000
1069400	-1.26416000
1069600	0.03578550
1069800	-0.38805400
1070000	-0.75603900
1070200	0.16150500
1070400	-1.26500000
1070600	-0.91106500
1070800	-0.08678260
1071000	-1.87160000
1071200	0.12804200
1071400	-1.35662000
1071600	-1.43555000
1071800	0.61153500
1072000	0.20318100
1072200	-1.69173000
1072400	-1.22174000
1072600	-1.40993000
1072800	-0.26344100
1073000	-0.55237900
1073200	-0.93206400
1073400	-0.67070400
1073600	-1.13036000
1073800	-1.51505000
1074000	-0.10072400
1074200	-0.84622200
1074400	-1.64438000
1074600	-1.00653000
1074800	-1.15791000
1075000	-0.13296800
1075200	-0.59865900
1075400	-1.30457000
1075600	-0.76256200
1075800	-1.09777000
1076000	-0.33985600
1076200	-1.70522000
1076400	-1.05139000
1076600	-1.00167000
1076800	-1.39702000
1077000	-0.98082200
1077200	-1.22969000
1077400	-1.07756000
1077600	0.21856600
1077800	-0.40253900
1078000	-0.36244100
1078200	-0.82767200
1078400	-1.06298000
1078600	-0.56572200
1078800	-1.74916000
1079000	-0.65488800
1079200	-1.32016000
1079400	-0.79387100
1080200	0.31586000
1080400	-1.13474000
1080600	-0.58411900
1080800	-0.83575200
1081000	-0.64003000
1081200	-0.72948500
1081400	-0.41316400
1081600	-1.32346000
1081800	-1.06565000
1082000	-0.12032700
1082200	-1.40648000
1082400	-1.61674000
1082600	-0.20285800
1082800	-1.42058000
1083000	-1.92028000
1083200	-0.95835900
1083800	-1.90515000
1084000	-0.70110700
1084200	-0.30611700
1084400	-0.50255400
1084600	-0.71628200
1084800	-1.54054000
1085000	-1.71903000
1085400	-1.11928000
1085600	-1.13214000
1085800	-0.71786700
1086000	-1.69446000
1086200	-1.43711000
1086400	-1.39121000
1086600	-1.33703000
1086800	1.04209000
1087000	-1.00916000
1087800	-0.93327200
1088000	-0.74579000
1088200	-1.40528000
1088400	-1.10984000
1088600	0.72359600
1088800	-0.87489100
1089000	-1.09124000
1089200	-0.44799500
1089800	-1.47004000
1090000	-0.21420600
1090200	-0.81487100
1090400	-0.88655500
1090600	-1.27345000
1090800	-1.20985000
1091000	-1.65704000
1091200	0.42806000
1091400	-1.49053000
1091600	-1.34933000
1091800	1.29839000
1092000	-1.09156000
1092200	-0.03017960
1092400	-0.29735700
1092600	-1.34627000
1092800	-1.66204000
1093000	-0.39937900
1093200	-0.72977600
1093400	2.04753000
1094000	-1.09863000
1094200	-1.13583000
1094400	-1.22071000
1094600	-0.39416500
1094800	0.84893000
1095000	-1.66586000
1095200	-1.96346000
1095400	-1.70041000
1095600	-1.44856000
1095800	-1.28136000
1096000	-1.03519000
1096200	2.23671000
1096400	-0.67779000
1096600	-1.10446000
1096800	-1.27806000
1097000	-1.26844000
1097400	-1.21729000
1097600	-1.17283000
1098000	-1.00511000
1098200	-1.45469000
1098400	0.70996100
1098600	-1.40598000
1098800	0.16617400
1099000	-0.61795700
1099200	-1.15227000
1099400	-1.38808000
1099600	1.28469000
1099800	1.46245000
1100000	1.68524000
1100200	-1.84662000
1100400	-0.65302600
1100600	-0.94883400
1100800	-1.17300000
1101200	-0.79387100
1101400	0.24732000
1101600	-0.48690100
1101800	-0.66062100
1102000	-1.43565000
1102200	-1.35615000
1102400	-1.07409000
1102600	-1.15178000
1102800	-1.64182000
1104400	-1.62384000
1104600	-1.14019000
1104800	-1.04430000
1105000	-0.72084300
1105200	-1.54422000
1105400	-1.58506000
1105600	-0.33626800
1105800	-1.34526000
1106000	-0.37178700
1106200	-1.22957000
1106400	-1.60411000
1106600	-1.51878000
1106800	-0.28126500
1107000	-1.06567000
1107200	-0.20020700
1107400	-0.65074200
1107600	-0.88673400
1107800	-0.59567000
1108000	1.01070000
1108200	1.68639000
1108400	0.16929300
1108600	1.89902000
1108800	0.50452000
1109000	-1.34541000
1109200	-1.02747000
1109400	-1.03920000
1109600	-0.83832300
1109800	-1.27384000
1110000	-1.59856000
1110200	-1.13766000
1110400	-1.39440000
1110600	0.51422500
1110800	0.07132000
1111000	-1.68373000
1111200	0.14120800
1111400	-0.18801900
1111600	0.60609400
1111800	-1.43826000
1112000	-1.54743000
1112200	-0.62064200
1112400	-0.76864400
1112600	-1.12828000
1112800	-1.91240000
1113000	0.00194779
1113200	-1.83934000
1113400	1.77744000
1113600	1.81871000
1113800	0.86931000
1114000	1.19612000
1114200	1.61890000
1114400	0.72350800
1114600	-1.07683000
1114800	-0.61761100
1115000	-0.73605300
1115200	-1.07524000
1115400	-1.29809000
1115600	-1.24949000
1115800	-0.71119000
1116000	-0.46438500
1116800	-0.89075600
1117000	-0.72933300
1117200	-0.82214200
1117400	-1.51642000
1117800	-1.49780000
1118000	-1.82313000
1118400	-1.25266000
1118600	-1.40580000
1118800	-1.13426000
1119000	-0.65836200
1119200	-0.58394100
1119400	-1.51724000
1119600	-1.02214000
1119800	-1.28556000
1120000	-0.97218200
1120200	-1.30989000
1120400	-0.92654300
1120600	-0.62351100
1120800	-1.26485000
1121000	-0.49217700
1121200	0.40373800
1121400	-1.75162000
1121600	-1.31972000
1121800	-1.47347000
1122000	-0.10727100
1122200	0.69291000
1122400	0.76975900
1122600	-1.66534000
1122800	-1.80700000
1123000	-0.72300300
1123200	-1.51524000
1123400	-1.40368000
1123600	-1.61247000
1123800	-1.08820000
1124000	-1.11596000
1126200	-1.22194000
1126400	-1.02602000
1126600	-0.80979900
1126800	-0.30895900
1127000	-0.78664200
1127200	-0.17117300
1127400	-1.28713000
1127600	-1.14669000
1127800	-0.35837100
1128000	-1.99938000
1128200	-1.29646000
1128400	-1.63637000
1128600	-0.97313000
1128800	-1.47173000
1129400	-1.81213000
1129600	-2.12823000
1129800	-1.00777000
1130000	-1.21092000
1130400	-0.73580000
1130600	-1.37288000
1130800	-1.10102000
1131000	-1.79443000
1131200	-1.74054000
1131400	-1.64446000
1131600	-0.54165600
1131800	-0.86964500
1132000	-0.90317400
1132200	-0.83891900
1132400	-1.55726000
1132600	-1.70865000
1132800	-0.98441000
1133000	-1.50879000
1133200	3.31039000
1133400	-0.44979300
1133600	0.21010300
1133800	-0.92842000
1134000	0.05388070
1134200	-1.71636000
1134400	-1.56196000
1134600	1.21982000
1137400	-1.81632000
1137600	-2.12908000
1137800	-0.35412000
1138000	-0.69981800
1138200	-1.66530000
1138400	0.01600560
1138600	0.15492200
1139000	-0.48409200
1139200	-0.15199500
1139400	-1.00403000
1139600	-0.95599000
1139800	-0.10702300
1140000	-1.49370000
1140200	-0.47128600
1140400	-1.00037000
1140600	-1.15307000
1140800	-0.16435600
1141000	-0.86563000
1141200	-0.98248700
1141400	-1.93817000
1141600	-2.09948000
1141800	-0.82963900
1142000	-1.05164000
1142200	-1.50241000
1142400	-1.88735000
1142600	-1.25873000
1142800	-1.69752000
1143000	-1.79056000
1143200	-1.53667000
1143400	-1.88950000
1143600	0.08966290
1143800	2.32072000
1144000	-1.32645000
1144200	-1.51385000
1144400	-0.76428400
1144600	-2.23149000
1144800	-1.69814000
1179000	-0.79387100
1179400	-1.58488000
1179600	-0.59428200
1179800	-0.28038000
1180000	-0.76357400
1180200	-0.61561600
1180400	-1.09566000
1180600	-0.81753300
1180800	-1.70742000
1181000	-1.17553000
1181200	-0.74934200
1181600	-1.24969000
1181800	-0.17617200
1182000	-0.39897900
1182200	-1.67310000
1182400	-1.48874000
1182600	-0.87634100
1182800	-1.19248000
1183000	-1.39865000
1183200	-0.98660300
1183400	2.32742000
1183600	-0.97548900
1183800	-0.04942440
1184000	-1.48374000
1184200	-0.94493600
1184400	-1.30468000
1184800	-1.01531000
1185000	1.23186000
1185200	-0.81486000
1185400	0.16931300
1185600	-0.34439200
1185800	-0.62801100
1186000	-1.20980000
1186200	0.33637500
1186400	-0.82177500
1186600	-1.81717000
1186800	-0.70917400
1187000	-1.53773000
1187200	-1.11834000
1187400	-0.69930400
1187600	-0.84271100
1187800	-0.73596900
1188000	-0.39366000
1188200	0.40848900
1188400	0.08176400
1188600	-0.33609500
1188800	-0.49358200
1189000	-1.20052000
1189600	-1.49817000
1189800	0.18076600
1190000	-0.32979000
1190200	-0.18911400
1190400	-1.19263000
1190600	-0.63449600
1190800	0.95023800
1191000	-1.20569000
1191200	-1.24033000
1191400	-0.13581600
1191600	-0.47018200
1191800	-1.57818000
1192000	-1.00850000
1192200	-0.84422000
1192400	-1.42790000
1192600	0.54460000
1192800	-0.21474900
1193000	-1.57994000
1193200	0.51693800
1193400	-0.54190600
1193600	-0.61709500
1193800	-1.58287000
1194000	-0.71100500
1194200	0.73467800
1194400	-0.13476500
1194800	-0.90184400
1195000	-1.50094000
1195200	-0.87027600
1195400	-1.29337000
1195600	2.66339000
1195800	0.08361740
1196000	-1.11556000
1196200	-2.22578000
1196400	-1.36620000
1196600	2.37506000
1196800	-0.99091800
1197000	1.42875000
1197200	-0.83171200
1197400	-0.94102400
1197800	0.85827100
1198400	0.99611200
1198600	1.53539000
1198800	0.82100200
1199000	-1.52860000
1199200	0.77328500
1199400	-0.92886800
1199600	-0.26057900
1199800	-0.88594700
1200000	-1.84386000
1200200	1.13790000
1200400	-0.27107200
1200600	-1.29091000
1200800	-0.61637300
1201000	-0.61678200
1201200	-1.43956000
1201400	-0.80076200
1201600	-1.15937000
1201800	-0.83020400
1202000	-0.82526500
1202200	-1.33199000
1202400	-1.04039000
1202600	-1.19249000
1202800	-0.72300300
1203000	-1.30093000
1203200	-0.27678100
1203400	-1.56881000
1203600	-0.10119600
1203800	-1.15079000
1204000	-1.44369000
1204200	-0.92857700
1204400	-0.23655500
1204600	0.36553600
1204800	-1.12688000
1205000	-0.48811400
1205200	-0.81308900
1205400	0.77887000
1205600	-1.27211000
1205800	0.79447500
1206000	-0.71742900
1206200	-1.40823000
1206400	0.48313900
1206600	-0.68831500
1206800	-0.61034700
1207000	-1.16304000
1207200	-1.19297000
1207400	-0.62551800
1207600	-0.84816200
1207800	-0.30147100
1208000	-0.24530600
1208200	0.13798700
1208400	-1.07071000
1208600	-1.49397000
1208800	-1.16594000
1209000	0.78567600
1209200	-1.24384000
1209400	-1.41730000
1209600	-0.58730200
1209800	-0.89813000
1210000	-1.41137000
1210200	-0.67188900
1210400	0.30037600
1210600	-1.25108000
1210800	-0.53387600
1211000	-0.79387100
1211800	-1.10000000
1212000	-1.29341000
1212200	-0.36230100
1212400	-0.90184400
1212600	-0.17504100
1212800	-0.36397400
1213000	-1.15933000
1213200	0.04525410
1213400	-1.60470000
1213600	-0.97343200
1213800	-1.46393000
1214000	1.04334000
1214200	-1.86963000
1214400	-1.42061000
1214600	0.60866600
1214800	-2.08778000
1215000	-1.54280000
1215200	-1.52287000
1215400	-0.71477800
1215600	-0.81444000
1215800	-0.39808600
1216000	0.07542250
1216200	-1.27762000
1216400	-0.01856700
1216600	-1.61625000
1216800	-1.82427000
1217000	-0.96842000
1217200	-1.09554000
1217400	-0.69005900
1217600	-1.38993000
1217800	-0.66374600
1218000	-0.96527400
1218200	-1.18443000
1218400	-1.52015000
1218600	-1.52373000
1218800	-1.09718000
1219200	-0.87169300
1219400	0.14834500
1219600	-1.18023000
1220600	-1.43215000
1220800	-0.44844600
1221000	-0.81998500
1221200	-1.02232000
1221400	-0.38107500
1221600	-0.93238000
1221800	0.02496930
1222000	-0.75832500
1222200	-1.20579000
1222400	-1.13498000
1222600	-1.09861000
1222800	0.76004600
1223000	-1.44069000
1223200	-1.13129000
1223400	-1.10627000
1223600	0.45884800
1223800	-0.10689300
1224000	-1.55247000
1224200	-1.14159000
1224400	-0.10105300
1224600	-1.98182000
1224800	-0.89410700
1225000	-1.32718000
1225200	-1.06864000
1225400	-1.56577000
1225600	-0.20949500
1225800	-1.12214000
1226000	0.27429000
1226200	-1.26760000
1226400	-0.68948200
1226600	0.34401300
1226800	-1.52090000
1227000	-1.16561000
1227200	-1.63350000
1227400	-0.06102970
1227600	0.24446800
1227800	-1.34476000
1228000	1.08002000
1228200	-0.36668300
1228400	0.00527700
1228600	-0.50247900
1228800	0.83574500
1229000	2.27523000
1229200	2.12933000
1229400	1.59829000
1229600	0.90319300
1229800	1.44256000
1230000	0.59299500
1230200	0.46328300
1230400	0.07711500
1230600	0.63079400
1230800	0.15426800
1231000	-0.37520000
1231200	-0.88074200
1231400	-0.80793600
1231600	-0.64170200
1231800	-1.55259000
1232000	-0.32194600
1232200	-0.35242900
1232400	0.51779500
1232600	-1.33024000
1232800	-0.23673500
1233000	-0.70612800
1233200	-0.29585700
1233400	-0.13257100
1233600	0.07591240
1233800	-0.87851300
1234000	-0.89290600
1234200	0.35175200
1234400	1.92938000
1234600	0.00063252
1234800	-0.18283200
1235000	-1.00120000
1235200	0.36007100
1235400	-0.23746300
1235600	0.44718000
1235800	0.61949900
1236000	0.53256300
1236200	0.70155000
1236400	-0.24858000
1236600	1.78281000
1236800	-0.19845200
1237000	-0.66550400
1248400	0.69656800
1248600	0.30021200
1248800	0.54188100
1249000	0.41768400
1249200	-0.27937300
1249400	-0.54485000
1249600	-1.16207000
1249800	1.10916000
1250000	2.47738000
1250200	0.55854000
1250400	-0.45239000
1250600	0.42723100
1250800	0.01748940
1251000	-0.54973300
1251800	2.91641000
1252000	-0.67023600
1252200	-1.46129000
1252400	-0.68688000
1252600	-1.32774000
1252800	0.43883200
1253000	-0.65302600
1253200	-1.15155000
1253400	-0.16452300
1253600	-1.56426000
1253800	-0.47728200
1254000	-1.02067000
1254200	-1.03040000
1254400	0.24694600
1254600	-0.14194700
1254800	-0.06673080
1255000	-1.84724000
1255200	-0.75861100
1255400	-0.95970400
1255600	-1.72427000
1255800	0.53923600
1256000	-1.28635000
1256200	-1.28958000
1256400	-1.27311000
1256600	-1.00421000
1256800	-1.57143000
1257000	-1.02269000
1257200	-1.49598000
1257400	-1.01564000
1257600	-1.71825000
1257800	-0.76667700
1258000	-0.29220200
1258200	-1.42489000
1258400	-0.81668300
1258600	-0.77032300
1258800	0.84852000
1259000	-1.63116000
1259200	-0.14063600
1259400	-1.20450000
1259600	-0.51281000
1259800	-1.00574000
1260000	0.11424600
1260200	-0.12586800
1260400	-1.31189000
1260600	-0.16134600
1260800	-0.79784900
1261000	-0.23521500
1261200	0.05784990
1261400	-0.50995500
1261600	0.18101300
1261800	-1.27265000
1281600	-1.52854000
1281800	-0.88697200
1282000	-1.05443000
1282200	-0.61143400
1282400	-0.93390100
1282600	-0.43593600
1282800	0.01326140
1283000	0.01704930
1283200	-1.39435000
1283400	-1.19145000
1283600	-0.77819700
1283800	-0.40042600
1284000	0.29402900
1284200	-1.42545000
1284400	-0.76694000
1285600	-1.37951000
1291800	-0.68940800
1292000	-1.36951000
1292200	-0.45689200
1292400	-1.49799000
1292600	-0.90184400
1292800	-1.27568000
1293000	-0.50083400
1293200	-1.78287000
1293400	-1.68363000
1294200	-0.44860000
1294400	-0.68574500
1294600	0.14209500
1294800	0.27576100
1295000	-0.60910700
1295200	-0.15835700
1295400	-1.59286000
1295600	0.41212400
1295800	-1.07759000
1296000	-0.21563200
1296200	-0.27934600
1296400	-1.11430000
1296600	0.64083800
1296800	1.53537000
1297000	-0.75915400
1297200	-0.46686100
1297400	0.44846900
1297600	-0.96928900
1297800	-1.39386000
1298000	-1.36157000
1298200	-1.42609000
1298400	-0.60898100
1298600	-1.02589000
1298800	-1.28634000
1299000	-0.63615500
1299200	-1.20306000
1299400	-0.25740600
1299600	-1.41739000
1299800	-0.02568740
1300000	-1.05964000
1300200	-0.56590800
1300400	-0.54973300
1300600	-0.40390400
1300800	-1.49621000
1301000	-1.73779000
1301200	-1.36918000
1301400	0.58727300
1301600	1.26531000
1301800	-1.70041000
1302000	-0.32822000
1302200	-1.83499000
1302400	-1.39405000
1302600	-1.69431000
1302800	-0.83511600
1303000	-0.29973600
1303200	1.03176000
1303400	-0.95580900
1303600	0.29712400
1303800	-0.70688100
1304000	0.77251300
1304200	-1.08599000
1304400	-0.10025200
1305200	0.27570700
1305400	-1.00732000
1305600	-0.82963900
1305800	-0.07721520
1306000	0.79939500
1306200	-0.76203100
1306400	0.03206300
1306600	-1.17464000
1306800	0.36524600
1307000	-0.28536700
1307200	0.95372900
1307400	-0.46212300
1307600	-0.42966500
1307800	-0.16413100
1308000	-1.17561000
1308200	0.86057300
1308400	-1.73412000
1308600	-2.26502000
1308800	-1.84611000
1309000	-0.82988300
1309200	-1.85044000
1309400	-1.19185000
1309600	-1.30111000
1309800	-1.43061000
1310000	-1.64083000
1310200	-1.37753000
1310400	0.45236300
1310600	1.45053000
1317400	-0.80225500
1317600	-0.95501200
1317800	-0.97715600
1318000	-0.91974800
1318200	-0.69320400
1318400	0.00593541
1318600	-1.98625000
1318800	-2.02468000
1319000	-2.21860000
1319200	-0.90432800
1319400	0.71195900
1319600	0.81474400
1319800	0.88878800
1320000	-0.96459300
1320200	-1.36492000
1320400	-1.36225000
1320600	-1.25759000
1321000	-0.75433800
1321200	-1.29471000
1321400	-1.14394000
1321600	-0.89631900
1321800	-0.18217300
1322000	-1.00641000
1322200	-1.21032000
1322400	-0.81650700
1322600	-1.57852000
1322800	-0.16656300
1323000	-0.01353980
1323200	-1.60664000
1323400	-0.95128900
1323600	-1.29015000
1323800	-1.31409000
1324000	-1.13892000
1324200	-0.55975600
1324600	-0.46270600
1324800	0.64800300
1325000	-1.27198000
1325200	-0.90306300
1325400	-1.24407000
1325600	-1.83987000
1325800	-1.08647000
1326000	-1.31280000
1326200	-0.90932900
1326400	-1.28698000
1326600	0.76480600
1326800	0.55451800
1327000	2.01428000
1327200	1.69451000
1327400	0.00585674
1327600	-1.70704000
1327800	0.34187100
1328000	-0.18612700
1328200	-1.60761000
1328400	-0.92269700
1328600	0.35803500
1328800	-1.70897000
1329000	-0.18764700
1329200	-1.46790000
1329400	-0.64547000
1329600	-1.36255000
1329800	-1.38040000
1330000	-0.29993400
1330200	0.85218600
1330400	0.08001430
1330600	2.53154000
1330800	-1.39809000
1331000	-1.80261000
1331200	-1.22874000
1331400	2.05466000
1331600	-0.23608900
1331800	-0.98477300
1332000	-1.35590000
1332200	-1.04093000
1332400	-1.88801000
1332600	-2.30790000
1332800	-0.33806600
1333000	-0.60803200
1333200	-1.32204000
1333400	-1.40391000
1333600	-1.77930000
1333800	-1.72173000
1334000	-0.21972700
1334200	-1.49686000
1334400	0.08794290
1334600	0.08220640
1334800	-1.94256000
1335000	1.41855000
1335200	0.65798600
1335400	0.15773000
1335600	-1.25489000
1335800	-0.93206400
1336000	-1.35338000
1336200	-0.91829600
1336400	-1.17556000
1336600	-1.39608000
1336800	-0.69733400
1337000	0.17679900
1337200	-1.15553000
1337400	-0.59850600
1337600	0.28965000
1337800	-0.68790300
1338000	-1.19155000
1338200	-1.40299000
1338400	-1.47351000
1338600	-1.10916000
1338800	-1.19434000
1339000	-1.94247000
1339200	-0.98740700
1339400	-0.87875700
1339600	0.85413400
1340200	-1.66187000
1340400	-1.25113000
1340800	0.29091700
1341000	0.53220700
1341200	3.28211000
1341400	-0.24166100
1341600	-0.33332900
1341800	-1.14512000
1342000	1.07020000
1342200	1.57744000
1342400	0.38333200
1342600	0.27154100
1342800	0.43428500
1343000	0.91359900
1343200	1.54554000
1343400	-0.26184200
1343600	0.34102300
1343800	-0.67107700
1344000	0.21850000
1344200	-0.73436100
1344400	-0.34676200
1344800	0.77662700
1345000	-1.06036000
1345200	1.75300000
1345400	-0.95938300
1345600	-0.49433100
1345800	-1.14074000
1346000	-2.18465000
1346200	-0.88222300
1346400	-1.03622000
1346600	-0.57668200
1346800	-1.24339000
1347200	-0.02773070
1347400	-1.25054000
1347600	-1.05349000
1348200	-0.51126400
1348400	-1.17759000
1348600	-1.64540000
1348800	-0.88161800
1349000	-0.13617900
1349200	-1.19658000
1349400	0.28485800
1349800	-0.79275500
1350000	-0.53705400
1350200	-1.34235000
1350400	-0.18416900
1350600	-1.17145000
1350800	-0.51574800
1351400	-0.32780600
1351600	-0.33466800
1351800	0.00665478
1352000	-0.65772200
1352200	-1.69825000
1352400	-1.89030000
1352600	-0.28317700
1352800	-0.16508100
1353000	-0.72893100
1353200	-0.96161000
1353400	-1.11585000
1353600	-1.09408000
1353800	-0.61328700
1354000	-1.05658000
1354200	-0.25918600
1354400	-0.31631400
1354600	-0.95659400
1354800	-1.16014000
1355000	-1.48638000
1355200	-0.64368600
1355400	-1.45563000
1355600	-1.21856000
1355800	-1.59173000
1356000	-0.75269400
1356200	-0.93231500
1356400	-1.69573000
1356600	1.96202000
1356800	1.63599000
1357000	-0.25067600
1357200	-1.11827000
1357400	1.32361000
1357600	-0.22052700
1357800	-1.11212000
1358000	0.24212000
1358200	0.05062190
1358400	-0.51968700
1358600	-1.42173000
1358800	-0.04409610
1359000	-0.25276900
1359200	0.12739800
1359400	0.76660500
1359600	-1.33295000
1359800	-0.47464900
1360000	-1.59996000
1360200	0.28512000
1360400	0.35722100
1360600	-0.45531100
1360800	-1.22698000
1361000	-0.74473700
1361200	-1.24167000
1361400	0.07546400
1361600	-1.79014000
1361800	-1.36794000
1362000	0.30926200
1362200	1.58159000
1362400	-0.17042900
1362600	-2.12130000
1363200	-1.10400000
1363400	-0.50373600
1363600	1.04228000
1363800	-0.50285900
1364000	-1.17165000
1364200	0.14820600
1364400	-0.52983400
1364600	-1.36137000
1364800	-1.61277000
1365000	-0.55801500
1365200	-0.60234300
1365400	-0.23926100
1365600	-1.17153000
1365800	-1.31829000
1366000	-0.41416200
1366200	-1.50646000
1366400	-0.04196130
1366600	-1.17826000
1366800	-0.90815700
1367000	-1.26713000
1367200	-1.53158000
1367400	-0.54630400
1367600	-0.91985300
1367800	-0.38543200
1368000	-0.78132500
1368200	-0.50039500
1368400	-0.86181700
1368600	-1.17928000
1368800	-1.43824000
1369000	-1.26719000
1369200	-1.37282000
1369400	-1.08176000
1369600	-0.53543700
1369800	-0.86254400
1370000	-1.34432000
1370200	-0.49725600
1370400	1.20779000
1370600	-0.16484300
1370800	-0.33372100
1371000	-1.32969000
1371200	0.52470700
1371400	0.86152400
1371600	1.09180000
1371800	0.82195100
1372000	0.27833000
1372200	0.50592800
1372400	0.67333700
1372600	0.69564900
1372800	0.99479800
1373000	-0.29997100
1373200	0.53606300
1373400	-0.29954700
1374000	-1.18608000
1374200	-1.49259000
1374400	-1.00460000
1374600	-1.41462000
1374800	-0.81208500
1375000	-0.70656600
1375200	0.45973700
1375400	-0.63699100
1375600	0.26459500
1375800	1.73557000
1376000	0.03405890
1376200	-1.32831000
1376400	0.38079600
1376600	0.78350800
1376800	0.23674900
1377000	-0.44051900
1377200	-0.03280380
1377400	-0.37177500
1379200	-1.04165000
1379400	-1.00665000
1379600	-0.51100300
1379800	-0.89222000
1380000	-0.29812700
1380200	-1.00681000
1380400	-1.00352000
1380600	-0.60722700
1380800	-1.45427000
1381000	-0.81471900
1381200	-2.27076000
1381400	-0.30710100
1381600	-1.06861000
1381800	-0.75725300
1382000	-1.20520000
1382200	-1.28767000
1382400	-1.33099000
1382600	-0.73377900
1382800	-0.85755000
1383000	-1.07652000
1383200	-0.84752800
1383400	-0.11454000
1383600	-1.20863000
1383800	-1.48488000
1384000	-1.25440000
1384200	-0.23922900
1384400	-0.91855100
1384600	-1.25172000
1384800	-0.08213340
1385000	0.22422400
1426000	-0.98006700
1426200	0.23418900
1426400	-0.47761600
1426600	-1.86914000
1426800	-1.12453000
1427000	0.25775100
1427200	-0.54973500
1427400	-1.21528000
1427600	-1.34806000
1427800	0.13380600
1428200	1.68383000
1428400	-1.05183000
1428600	-1.06644000
1428800	-1.14751000
1429000	-0.80330200
1429200	-1.81040000
1429400	-1.13450000
1429600	-1.14717000
1429800	-1.55232000
1430000	-0.59338900
1430200	-0.93814700
1430400	-0.49543600
1430600	-1.05233000
1430800	-0.90279200
1431000	-1.17283000
1431200	-0.93264600
1431400	-1.60454000
1431600	-0.26304800
1431800	-0.98122600
1432000	-1.09594000
1432200	-0.13101700
1432400	-0.86964500
1432600	-0.31599700
1432800	-1.47451000
1433000	-0.97115800
1433200	-0.56307500
1433400	-1.13621000
1433600	0.01958140
1433800	-0.70734100
1434000	1.05148000
1434200	-1.44894000
1434400	-0.81636500
1434600	0.40041400
1434800	0.28811900
1435000	-0.72157000
1435200	-0.82995700
1435600	-0.90184400
1435800	-1.19044000
1436000	-0.81772300
1436200	-1.43712000
1436400	-1.68844000
1436600	-1.72638000
1436800	-1.56619000
1437000	-1.37634000
1437200	-0.93995300
1437400	-1.34557000
1437600	-1.33556000
1437800	-0.71349600
1438000	-1.26926000
1438200	-0.69483200
1438400	-0.92534800
1438600	-0.70053200
1438800	-0.59855300
1439000	-1.05943000
1439200	-1.22988000
1439400	0.41242600
1439600	-1.25085000
1439800	-0.88687400
1440000	-0.78935600
1440200	-0.58764900
1440400	1.52974000
1440600	-0.74914500
1440800	-0.88526900
1441000	3.62728000
1441200	-0.38707100
1441400	-0.36180600
1441600	2.38356000
1441800	1.00828000
1442000	0.63865500
1442200	0.97965500
1442400	-1.12301000
1442600	-0.55843600
1442800	-1.28323000
1443000	2.12113000
1443200	-0.04416890
1443400	-1.49628000
1443600	-0.27562500
1443800	-1.66963000
1444000	-1.18689000
1444200	0.13908600
1444400	0.44983400
1444600	-0.26452200
1444800	-0.81472500
1445000	-0.18768400
1445200	-0.31697900
1445400	-0.75302400
1445600	0.92958900
1445800	0.89918600
1446000	-1.10676000
1446200	-0.43449400
1446400	-1.38077000
1446600	-0.45221700
1446800	-1.56611000
1447000	-1.19811000
1447200	-0.78114200
1447400	-0.37252900
1447600	-0.93405600
1447800	-1.43606000
1448000	0.15648000
1448200	1.09520000
1448400	1.67371000
1448600	4.52183000
1448800	-0.18947100
1449000	-0.51166100
1449200	-1.46695000
1449400	-0.93971700
1449600	-0.30429800
1449800	-1.00339000
1450000	-0.58666700
1450200	-1.60614000
1450400	1.99855000
1450600	1.53559000
1450800	-0.95991700
1451000	-0.91624500
1451200	-0.96302100
1451400	-1.15125000
1451600	-0.48599400
1451800	-0.08835140
1452000	-0.91205800
1452200	-1.62163000
1452400	-1.13257000
1452600	-0.54613200
1452800	-0.27753800
1453000	-0.64327600
1453200	-1.70052000
1453400	-1.38836000
1453600	0.14296400
1453800	1.86621000
1454000	1.29737000
1454200	1.00846000
1454400	-0.81347900
1454600	2.57137000
1454800	1.59333000
1455000	0.34551200
1455200	0.35624200
1455400	-0.40645900
1455600	-0.58127300
1455800	-0.87799800
1456000	-1.41271000
1456200	0.40841300
1456400	0.48195200
1456600	-0.78735000
1456800	-1.10475000
1457000	-0.67119500
1457200	-1.57218000
1457400	-0.89870600
1457600	0.08741650
1457800	0.20362700
1458400	-0.63029900
1458600	-0.96462200
1458800	-0.60887500
1459000	1.06225000
1459200	-0.89085800
1459400	-1.12224000
1459600	-0.54866200
1459800	-0.45881400
1460000	-0.02437990
1460200	1.04842000
1460400	0.81246600
1460600	-0.30342900
1460800	0.86522400
1461000	1.39322000
1461200	0.35645300
1461400	0.34763000
1461600	-0.34676800
1461800	1.31430000
1462000	-0.92078500
1462200	-1.23762000
1462400	-0.89423200
1462600	-0.15364400
1462800	-0.08661100
1463000	0.28143800
1463200	0.85544800
1463400	-0.62450700
1463600	-0.80231700
1463800	-0.52404000
1464000	-1.44889000
1464200	-0.58327700
1464400	-0.27329600
1464600	-0.80115300
1464800	0.22484600
1465000	0.67358800
1465200	-0.53197600
1465400	-1.07683000
1465600	-0.71400400
1465800	-0.39061400
1466000	-1.06665000
1466200	0.58409400
1466400	-1.43831000
1466600	0.06306430
1466800	-0.22371400
1467000	-1.22898000
1467200	-1.53796000
1467400	0.26045800
1467600	-0.81455300
1467800	-0.44445300
1468000	-0.59724900
1468200	-0.87108300
1468400	-0.38125700
1468600	-0.24343900
1468800	0.70208800
1469000	0.20036800
1469200	0.38131400
1469400	-1.00652000
1469600	-0.87293100
1469800	-0.57536700
1470000	-0.95202300
1470200	-0.67672700
1470400	-1.15963000
1470600	-0.96980700
1470800	-0.49464900
1471000	-0.31651500
1471200	-0.37259900
1471400	-0.47794700
1471600	-0.68790300
1471800	-1.07020000
1472000	-1.42666000
1472200	-0.15961700
1472600	-1.23281000
1472800	1.36468000
1473000	-0.11976700
1473200	-0.65935500
1473400	0.72114800
1473600	0.06277450
1473800	-0.30658100
1474000	-1.15254000
1474200	-1.81524000
1474400	-1.25001000
1474600	-1.04301000
1474800	0.09091890
1475000	-1.25250000
1475200	-0.88009500
1475400	-0.76887900
1475600	0.11435400
1475800	-1.02134000
1476000	-0.34851800
1476200	0.26680600
1476400	-0.49452800
1476600	-1.11266000
1476800	-0.07024450
1477000	-1.07034000
1477200	-1.12557000
1477400	0.31307600
1477600	-0.12745600
1477800	-1.29667000
1478000	-1.23562000
1478200	-0.29590800
1478400	-0.49065000
1478600	-1.22868000
1478800	-0.34983800
1479000	-1.47357000
1479200	-0.76903400
1479400	-0.14347700
1479600	0.72758900
1479800	-1.13892000
1480000	-0.88413600
1480200	-0.91327500
1480400	-0.91890200
1480600	-0.79697200
1480800	-0.65031000
1481000	-0.62812800
1481200	-0.80640600
1481400	-1.44393000
1481600	-0.76932800
1481800	-0.76855900
1482000	-1.37744000
1482200	0.02667120
1482400	0.02341140
1482600	-0.22966500
1482800	-0.03078480
1483000	0.17049600
1483200	-1.10370000
1483400	-0.37972700
1483600	-1.52163000
1483800	-1.55263000
1484000	-0.35683600
1484200	-0.82700400
1484400	-0.01402720
1484600	-0.82991300
1484800	-1.30419000
1485000	-1.53128000
1485200	-0.88820400
1485400	-1.40058000
1485600	0.44180400
1485800	-0.07086030
1486000	-0.58530400
1486200	-0.66285700
1486400	0.18655100
1486600	-0.65702500
1486800	-0.40354600
1487000	0.33768000
1487200	-1.53376000
1487400	-1.01142000
1487600	-0.79329600
1487800	-0.19254400
1488000	-1.56534000
1488200	-0.41090000
1488400	-1.38519000
1488600	1.99973000
1488800	-0.15568200
1489000	-0.90666300
1489200	0.43852200
1489400	-0.23106200
1489600	-1.55775000
1489800	0.14795900
1490000	-0.83404800
1490200	-0.44870800
1490400	-1.60749000
1490600	0.19336800
1490800	-0.24736500
1491000	-1.34990000
1491200	-0.86113300
1491600	-1.52119000
1491800	0.21642700
1492000	-1.63341000
1492200	-1.57351000
1492400	-1.41601000
1492600	-0.33583200
1492800	1.64094000
1493000	0.36255000
1493200	0.41710600
1493400	-0.72872900
1493600	-1.31811000
1493800	0.16140000
1494000	-0.33370100
1494200	-1.30599000
1494400	-0.11691400
1494600	-0.61369900
1494800	-1.00429000
1496200	-0.17991500
1496400	-0.09964780
1496600	-1.31545000
1496800	-1.43517000
1497000	-0.08239560
1497200	-0.58759500
1497400	-1.05654000
1497600	-0.56389300
1497800	-1.27519000
1498000	0.85320900
1498200	-0.65751700
1501200	-1.36196000
1501400	-1.69612000
1501600	0.93930600
1501800	-0.28409000
1502000	-0.38042400
1502200	-0.43396300
1502400	0.04091130
1502600	2.72949000
1502800	0.60177800
1503000	1.19362000
1503200	0.50855500
1503400	-0.59836600
1503600	0.59249100
1503800	-1.33836000
1504000	-0.57041200
1504200	0.27248500
1504400	-1.43988000
1504600	-1.63767000
1504800	-1.28877000
1505000	-1.05158000
1505200	-1.48333000
1505400	-1.20412000
1505600	0.38690100
1505800	-0.11716100
1506000	-0.00300048
1506200	-1.48662000
1506400	-0.90997400
1506600	-1.00115000
1506800	1.03641000
1507000	2.92540000
1507200	0.89912700
1507400	-1.01775000
1507600	-0.94852700
1507800	-0.71695700
1508000	-0.16312300
1508200	-0.46868600
1508400	0.48269100
1508600	-0.41271500
1508800	-0.80586000
1509000	-0.19338600
1509200	-1.80502000
1509400	-1.25265000
1509600	-0.23109300
1509800	-0.24106300
1510000	1.16980000
1510200	-0.37536800
1510400	-1.56209000
1510600	-0.17015100
1510800	1.13501000
1511000	-0.46963400
1511200	1.43267000
1511400	-0.31427200
1511600	-0.99285700
1511800	-0.01593210
1512000	0.84980300
1512200	-0.60405200
1512400	-1.25470000
1512600	0.92014100
1512800	-1.59852000
1513000	-1.47029000
1513200	-0.10904000
1513400	-0.91208400
1513600	0.74518800
1513800	-0.43215000
1514000	-0.98623900
1514200	-1.37321000
1514400	2.16446000
1514600	-1.09563000
1514800	-0.43918900
1515000	0.26212400
1515200	0.72667900
1515400	-0.75986700
1515600	-0.87179400
1515800	-1.10238000
1516000	-0.28409000
1516400	-1.51179000
1516600	-1.62400000
1516800	-0.20849400
1517000	-1.03372000
1517200	-1.12934000
1517400	-0.04187570
1517600	-0.89744500
1518000	0.12696300
1518200	-0.63039300
1518400	-0.62627400
1518600	0.30905100
1518800	-0.45304700
1519000	0.11115100
1519200	-0.15814300
1519400	-0.15121600
1519600	-0.08638930
1519800	-1.15115000
1520000	0.51753000
1520200	0.21076400
1520400	-0.50806000
1520600	-1.42195000
1520800	-1.50292000
1521000	-0.73351100
1521200	0.12319200
1521400	-0.71048000
1521600	-0.79265600
1521800	-1.51749000
1522000	-1.27176000
1522200	-0.07793470
1522400	-0.69095000
1522600	-1.50661000
1522800	-1.56000000
1523000	-1.75542000
1523200	-1.06862000
1523400	-1.15316000
1523600	-1.73293000
1523800	-1.07547000
1524200	0.59409800
1524400	-0.59097800
1524600	-0.17837300
1524800	0.77068400
1525000	-1.14477000
1525200	-1.18578000
1525400	-0.73284300
1525600	-1.25170000
1525800	-0.76983000
1526000	-0.86702400
1526200	-1.33484000
1526400	-1.28496000
1526600	-1.28204000
1526800	-0.36995400
1527000	-0.47786900
1527400	-1.66543000
1527600	-1.48053000
1528000	-0.90184400
1528200	-2.24278000
1528400	-1.73904000
1528600	-1.65462000
1528800	-1.64670000
1529000	-0.17064500
1529200	-2.03774000
1529400	-1.00503000
1529600	1.73730000
1529800	-1.01636000
1530000	-0.07186330
1530200	-1.00332000
1530400	-1.37920000
1530600	-1.81970000
1530800	1.46819000
1531600	0.40769500
1531800	-0.90955400
1532000	-1.20847000
1532200	-0.66134500
1532400	-1.10042000
1532600	-1.45649000
1532800	-1.45521000
1533200	-1.58880000
1533400	-0.19917400
1533600	-1.05230000
1533800	-0.18975600
1534000	-0.72743900
1534200	-0.97037400
1534400	-1.48526000
1534600	0.02851350
1534800	-1.67583000
1535000	0.21948500
1535400	0.13951100
1535600	-1.13327000
1535800	-0.59166800
1536000	0.52817400
1536200	-1.62768000
1536400	2.89543000
1536600	-1.03107000
1537000	-1.00892000
1537200	0.60908600
1537400	0.39234500
1537600	-1.03201000
1537800	-1.44132000
1538000	-0.74498700
1538200	-1.55935000
1538400	-1.75206000
1538600	-1.51587000
1538800	-0.26323100
1539000	-0.97014700
1539200	-0.56952800
1539400	-0.32449100
1539600	-0.73212100
1539800	-1.19675000
1540000	-1.57762000
1540200	-1.34271000
1540600	0.90708200
1540800	-0.39462600
1541000	0.25894400
1541200	0.04976510
1541400	-0.40944500
1541800	1.65753000
1542000	0.70346200
1542200	1.14532000
1542400	-1.56473000
1542600	-1.72274000
1542800	-1.14426000
1543000	-0.17190400
1543200	-0.42480100
1543400	-0.75982700
1543600	-0.32736900
1543800	-1.03579000
1544000	0.69121100
1544200	-0.10873200
1544400	-1.18882000
1544600	-1.20136000
1544800	-0.68803300
1545000	-1.19478000
1545200	0.43777200
1545400	-0.86812200
1545600	-0.40906700
1545800	-0.60876600
1546000	-0.21055400
1546200	0.27388800
1546400	-0.41602800
1546600	-1.54427000
1546800	-0.84464300
1547000	-0.64103100
1547200	0.27621500
1547400	-0.48231000
1547600	-0.06107700
1547800	-1.40263000
1548000	-0.12219300
1548200	-1.77014000
1548400	-0.23036700
1548600	-0.55662300
1548800	-1.76209000
1549000	-1.30667000
1549200	-1.18988000
1549400	-1.63810000
1549600	-1.40640000
1549800	-0.15346800
1550000	0.21040600
1550200	-0.34929100
1550400	-1.07610000
1550600	-1.03513000
1550800	-1.45418000
1551000	-0.40821400
1551200	-1.74660000
1551400	-1.34974000
1551600	-1.19226000
1551800	-1.29739000
1552000	0.05453490
1552200	-0.70356500
1552400	-0.51241900
1552600	-0.31204000
1552800	-1.18681000
1553000	-0.29078800
1553200	-1.13833000
1553400	-1.51054000
1553600	-1.22730000
1553800	0.54982000
1554000	-0.74594600
1554200	0.41003500
1554400	0.14846400
1554600	-0.64963600
1554800	-1.12313000
1555000	-0.51567400
1555200	-1.51018000
1555400	-1.28456000
1555600	-0.38203500
1555800	-1.41901000
1556000	0.15811800
1556400	-0.51733400
1556600	1.22997000
1556800	-1.39406000
1557000	0.20694900
1557200	-0.98768500
1557400	-0.90461200
1557600	-0.86563000
1557800	-0.84738000
1558000	-1.17251000
1558200	-1.09718000
1558400	-1.25568000
1558600	-1.11320000
1558800	-1.59091000
1559000	-1.33117000
1559200	-0.41127600
1559400	-1.25716000
1559600	-0.58725900
1559800	-0.60006500
1560000	-1.10914000
1560200	-1.04363000
1560400	-1.42949000
1560600	-1.22539000
1560800	-1.41057000
1561000	-1.63585000
1561200	3.32576000
1561400	0.52726900
1561600	0.05599560
1561800	-1.23228000
1562000	-0.82963900
1563600	0.00770429
1563800	-0.54413400
1564000	-0.26458600
1564200	-0.91681300
1564400	-1.73767000
1564600	-1.44834000
1564800	-1.06961000
1565000	-1.00369000
1565200	-1.60045000
1565400	-1.91527000
1565600	-1.77905000
1565800	-1.12245000
1566000	-1.01766000
1566400	-0.07584660
1566600	-1.23704000
1566800	-0.09473780
1567000	-1.13351000
1567200	-1.42242000
1567400	-1.48549000
1567600	-1.19613000
1567800	-2.15029000
1568000	-1.55662000
1568200	0.17298600
1568400	-1.23823000
1568600	0.28965000
1568800	-1.35151000
1569000	-0.74488300
1569200	-1.17693000
1569400	-0.79210800
1569600	-1.04558000
1569800	-1.41922000
1570000	-0.35151400
1570200	-0.10813600
1571000	-0.15304200
1571200	-0.70110700
1571400	-1.29020000
1571600	-0.98323700
1571800	-0.89515900
1572000	0.04451730
1572200	0.66719800
1572400	-0.01385040
1572600	-1.37041000
1572800	-0.30967800
1573000	0.82100900
1573200	-0.25919300
1573400	-0.86563000
1573600	-0.43300200
1573800	-0.31066700
1574000	-1.10453000
1574200	-0.16447300
1581800	-0.38092400
1582000	-0.47719600
1582200	0.00146476
1583600	-0.48634900
1583800	1.65032000
1584000	0.41956800
1584200	-0.05753150
1584400	-0.12730600
1584600	1.33161000
1584800	0.17509900
1585000	-0.01583890
1586200	0.74727800
1586400	1.26048000
1586600	-1.43138000
1586800	-0.55097900
1587000	-0.59122100
1587200	1.32319000
1587400	-0.30053100
1587600	0.04832010
1587800	-0.90184400
1588000	-1.00314000
1588200	-0.16325000
1588400	-0.97504900
1595800	-0.53032900
1596000	-0.24635400
1596200	0.50775900
1596400	1.01945000
1596600	0.27035200
1596800	0.60903400
1597000	0.86614800
1597200	0.94031900
1597400	0.89698400
1597600	-1.09970000
1597800	-0.26365600
1598000	1.16603000
1598200	0.95411600
1598400	1.49333000
1598600	0.51312000
1598800	1.17977000
1599000	0.46462700
1599200	-0.88612800
1599400	-0.82399800
1599600	-0.29974000
1599800	1.33655000
1600000	1.37919000
1600200	-0.66312200
1600400	0.70831500
1600600	-1.07129000
1600800	1.35533000
1601000	1.87504000
1601200	0.70539100
1601400	1.26499000
1601600	-0.48720100
1601800	0.82569100
1602000	2.67723000
1602200	0.01426060
1602400	-0.38302400
1602600	-0.68790300
1603000	0.90404700
1603200	-0.14237400
1603400	2.28416000
1603600	0.29634800
1603800	-0.72980200
1604000	0.52073900
1606200	-1.48308000
1606400	-0.07080320
1606600	-1.01710000
1606800	-0.00695706
1607000	0.92765200
1607200	-0.57479300
1607400	-0.82528800
1607600	1.93756000
1607800	0.61987400
1608000	2.93627000
1608200	-0.58074200
1608400	-1.58157000
1608600	-0.33450800
1608800	-0.99794800
1609000	-1.01125000
1609200	-1.42647000
1609400	-1.46128000
1609600	-1.00446000
1609800	-0.38587500
1610000	-0.49430200
1610200	-1.23341000
1610400	-0.55666000
1610600	-0.84354100
1610800	-1.07506000
1611000	-0.73470800
1611200	-1.34535000
1611400	-0.87054400
1611600	-1.10444000
1611800	-0.94220200
1612000	-0.87479500
1612200	-0.92545700
1612400	-1.40744000
1612600	-1.72506000
1612800	0.07168160
1613000	-0.02841170
1613200	-0.92818100
1614000	-2.34616000
1614200	-2.16423000
1614400	-1.22800000
1614600	-1.79455000
1614800	-0.64913700
1615000	-0.40204700
1615200	-0.93354700
1615400	1.90642000
1615600	1.17716000
1615800	-0.06838460
1616000	2.85406000
1616200	1.57964000
1616400	0.97158600
1616600	-0.93978800
1616800	0.08893870
1617000	-0.28138100
1617200	1.47697000
1617400	-0.06867380
1617600	0.21082900
1617800	-1.30293000
1618000	0.16300300
1618200	-2.19980000
1618400	-1.40942000
1618600	-1.20040000
1618800	0.08495270
1619000	-1.12568000
1619200	-0.97724100
1619400	-1.24489000
1619600	-0.67957000
1619800	-1.52319000
1620000	-0.06825600
1620200	-0.94780300
1620400	-0.13975600
1620600	-1.29011000
1620800	-0.58335700
1621000	-0.06977400
1621200	0.06219370
1621400	-0.85792000
1621600	-1.22850000
1621800	-0.24305900
1622000	-1.69208000
1622200	-0.75638300
1622400	-0.28519100
1622600	1.58925000
1622800	0.73263600
1623000	0.03704460
1623200	-1.07704000
1623400	-0.46817100
1623600	-1.00460000
1623800	-1.47275000
1624000	-0.93627700
1624200	-0.50150800
1624400	-1.82244000
1624600	-1.37828000
1624800	-0.42525500
1625000	-0.40852300
1625200	-1.21214000
1625400	-1.33858000
1625600	-0.79608100
1625800	-0.91191100
1626000	0.80270500
1626200	1.02377000
1626400	-0.74782500
1626600	-0.15540900
1626800	1.26935000
1627000	1.38974000
1627200	2.11592000
1627400	0.92340700
1627600	-0.00590389
1627800	0.57941500
1628000	0.17966900
1628200	0.63751600
1628400	-0.98440700
1628600	-0.77839100
1628800	-0.10873500
1629000	0.60059500
1629200	0.19526500
1629400	-0.33365300
1629600	-0.91891500
1629800	-0.48969100
1630000	-1.25479000
1630200	-0.95277100
1630400	-1.64769000
1630600	-0.33772600
1630800	-1.50599000
1631000	-0.86658800
1631200	-1.11108000
1631400	-1.08126000
1631600	-0.31651700
1631800	-1.46031000
1632000	-0.87558600
1632200	-1.36036000
1632400	-1.60645000
1632600	-1.34049000
1632800	-1.31274000
1633000	-1.81097000
1633200	-0.54321700
1633400	-0.13757300
1633600	-1.03671000
1633800	0.89094700
1634000	-1.45361000
1634200	-0.98839600
1634400	-1.73434000
1634600	-1.07854000
1634800	-0.87032300
1635000	-1.47669000
1635200	-1.38070000
1635400	-1.48441000
1635600	-0.52582100
1635800	-1.05069000
1636000	-0.91867900
1636200	-0.80035600
1636400	-0.48570000
1636600	-1.01810000
1636800	-1.49111000
1637000	-2.09273000
1637200	-0.06762310
1637400	-1.85289000
1637600	-1.46611000
1637800	-1.55041000
1638000	-0.48310600
1638200	-0.46157700
1638400	0.56845400
1638600	-0.90970200
1638800	0.02399090
1639000	-1.98127000
1639200	-0.74604600
1639400	-0.45730000
1639600	-0.67891100
1639800	-1.38062000
1640000	-0.44359700
1640200	-1.01582000
1640400	-1.53636000
1640600	-0.11276400
1640800	-0.27789500
1641000	-0.88708000
1641200	-1.06125000
1641400	-0.43826900
1641600	-0.71882100
1641800	-1.01593000
1642000	0.42829700
1642200	2.47550000
1642400	2.00438000
1642600	0.28253000
1642800	-0.27628600
1643000	-0.53734700
1643200	-1.24003000
1643400	-1.20047000
1643600	-0.53912900
1643800	-0.64352000
1644000	-0.85139900
1644600	1.67222000
1644800	2.83071000
1645000	1.98740000
1645200	2.18888000
1645400	-0.12669500
1645600	-0.33666800
1645800	-1.67333000
1646000	-0.76961500
1646200	-0.44829100
1646400	-0.56311000
1646600	-0.61586900
1646800	-0.86049900
1647000	-0.45624800
1647200	-0.82543200
1647400	-1.16476000
1647600	-1.02679000
1647800	-1.19208000
1648000	-0.95846500
1648200	-1.03402000
1648400	-1.32485000
1648600	-1.06984000
1648800	-1.04799000
1649800	-0.98911700
1650000	-1.33665000
1650200	-0.30032900
1650400	-1.45366000
1650600	-1.03521000
1650800	0.11368600
1651000	-0.21132900
1651200	0.05232340
1651400	-1.28856000
1651600	0.06187210
1651800	-0.53020900
1652000	1.16681000
1652200	-0.60243700
1652400	-0.64186200
1652600	-0.61562600
1652800	0.44522300
1653000	0.46266100
1653200	-0.44554100
1653400	0.73211900
1653600	-0.05017460
1653800	0.18512000
1654000	-0.40559100
1654200	-1.46129000
1654400	-1.03974000
1654600	-0.59764800
1654800	-0.16024100
1655000	0.84301300
1655200	0.36348700
1655400	1.32671000
1655600	0.82061900
1655800	1.18117000
1656000	0.07901020
1656200	-0.49645100
1656400	0.85958400
1656600	0.27951500
1657000	-1.19084000
1657200	0.41445500
1657400	1.72330000
1657600	0.74071200
1657800	0.76560200
1658000	0.66978200
1658200	0.00253555
1658400	-0.01119930
1658600	-0.97087800
1658800	-0.09309670
1659000	-0.99461400
1659200	-0.33228600
1659400	-1.05493000
1659600	-0.72536500
1659800	-1.36907000
1660000	1.00628000
1660200	-0.98041600
1660400	-1.57886000
1660600	-1.59301000
1660800	-0.64382000
1663800	-1.21494000
1664000	-0.42056100
1664200	-0.88821400
1664400	1.42779000
1664600	-0.04938840
1664800	-1.31649000
1665000	-0.50533300
1665200	-1.34240000
1665400	0.45513700
1665600	-1.09282000
1665800	0.46418600
1666000	0.32055100
1666200	0.63696000
1666400	-0.18774900
1666600	-0.83928300
1666800	-0.05477440
1667000	-0.35354900
1667200	-0.54321800
1667400	-0.91140100
1667600	-0.63221900
1667800	-0.90566500
1668000	-0.74987000
1668200	-1.68964000
1668400	-0.17193200
1668600	0.38187300
1668800	-1.39578000
1669000	-0.33240700
1669200	-1.39011000
1669400	-0.91649900
1669600	-0.99554200
1669800	-0.77434900
1670000	-0.61524400
1670200	-1.44747000
1670400	-0.50776800
1670600	-1.39166000
1670800	-1.36450000
1671000	-1.76787000
1671200	0.05594570
1671400	-0.46772900
1671600	-0.97164000
1671800	0.51797900
1672000	-0.68729800
1672200	0.05898140
1672400	-0.63382400
1675200	-1.52436000
1675400	-1.31250000
1675600	-0.73910400
1675800	-1.05734000
1676000	-1.37608000
1676200	-1.29156000
1676400	-0.43675000
1676600	-1.60118000
1676800	-1.86261000
1677000	-1.18325000
1677200	-0.73123000
1677400	-0.33239900
1677600	-0.02608300
1677800	-0.36488600
1678000	-1.57695000
1678200	-0.68222800
1678400	-0.75691000
1678600	-1.22230000
1678800	-0.43711800
1685600	-0.79387100
1685800	-0.75658700
1687000	-0.81949300
1687200	-1.56609000
1687400	-0.91036500
1687600	-0.90994500
1687800	-0.97173100
1688000	-0.78006900
1688200	-0.57457500
1688400	-0.75114400
1688600	-0.83247700
1688800	-1.29239000
1689000	-0.78573000
1689200	-1.15002000
1689400	-1.60489000
1689600	-1.05960000
1689800	-1.33099000
1690000	-1.39622000
1690200	-0.84626700
1690400	-0.03500760
1690600	-1.31813000
1690800	-1.02940000
1691000	-1.09889000
1691200	-0.55309600
1691400	-0.67819900
1691600	-1.13758000
1691800	-0.65132900
1692000	0.36718400
1692200	-0.88769400
1692400	-0.61455600
1692600	-1.13365000
1692800	0.01780590
1693000	-0.14652800
1693200	-0.91533900
1693400	-1.98679000
1693600	-1.68194000
1693800	-1.11970000
1694000	-0.70918700
1694200	-1.64279000
1694400	-0.90289700
1694600	-0.08864690
1694800	-0.13194700
1695000	-1.19877000
1695200	-1.45249000
1695400	-1.49523000
1695600	-0.94578300
1695800	-1.19563000
1696000	-0.78738300
1696200	-1.09130000
1696400	-0.75575900
1696600	-1.34379000
1696800	-1.20458000
1697000	-1.67062000
1697200	-0.40700400
1697400	0.37638400
1697600	-0.43943700
1697800	-1.21315000
1698000	-1.52424000
1698200	-1.41829000
1698400	-1.78871000
1698600	-1.31089000
1698800	-1.51189000
1699000	-0.53365000
1699200	0.28965000
1700000	-1.52304000
1700200	-0.49585900
1700400	0.31430000
1700600	0.16131600
1700800	0.85522800
1701000	-1.01307000
1701200	-0.14285600
1701400	0.51472500
1701600	-1.00342000
1701800	-0.27198400
1702000	-0.17366900
1702200	-1.08302000
1702400	-1.00126000
1702600	-0.78822700
1702800	-1.54950000
1703000	-2.02294000
1703200	-0.49266200
1703400	-0.16475900
1703600	0.08931220
1703800	-0.72368000
1704000	-1.35875000
1704200	0.19757500
1704400	1.12745000
1704600	-0.62586400
1704800	0.13009800
1705000	1.56363000
1705200	-0.10547700
1705400	1.28151000
1705600	1.86945000
1705800	-0.36312800
1706000	-0.77970500
1706200	-0.32193100
1706400	-0.43709600
1706600	0.03291560
1706800	-0.40343800
1707000	-0.39316000
1707200	-0.78575900
1707400	-0.39143500
1707600	-0.84606300
1707800	-0.97788300
1708000	1.56746000
1708200	-1.27441000
1708600	-0.01217640
1709000	-1.02793000
1709200	-1.52667000
1709400	-0.73670000
1709600	-0.72120900
1709800	-0.77472300
1710000	-0.09516840
1710200	-0.85133500
1710400	-1.16564000
1710600	-0.92077000
1710800	-0.29401100
1711000	-1.74982000
1711200	-1.42792000
1711400	-0.21711100
1711600	-0.90050200
1711800	-1.18309000
1712000	-1.04266000
1712200	-0.62839000
1712400	-1.64246000
1712600	-1.23791000
1712800	-0.09793240
1713000	-0.45405400
1713200	-0.58303900
1713400	0.53169300
1713600	-1.03964000
1713800	-0.62017800
1714000	-1.48753000
1714200	0.09815320
1714400	-0.62321200
1714600	0.71415300
1714800	-1.38640000
1715000	-0.68894500
1715200	-1.64123000
1715400	-1.01381000
1715600	-1.20628000
1715800	-1.05305000
1716000	-1.41394000
1716200	-0.86353500
1716400	-0.87711300
1716600	-1.26189000
1716800	-0.00458181
1717000	-1.36281000
1717200	-1.51373000
1717400	-0.62751700
1717600	-0.88188000
1717800	-0.67681600
1718000	-0.93432800
1718200	-1.45961000
1718400	0.49342000
1718600	-1.19596000
1718800	-1.20964000
1719000	-0.17183200
1719200	-0.00290641
1719400	-1.54441000
1719600	-1.00613000
1719800	-0.68406100
1720000	0.17407300
1720200	0.69392100
1720400	0.05978720
1720600	0.76456700
1720800	0.75720200
1721000	0.94641400
1721200	0.30591900
1721400	0.76258400
1721600	0.00437040
1721800	-0.82391200
1722000	-1.37821000
1722200	-0.58410200
1722400	-0.58068200
1722600	-0.54904800
1722800	-1.58309000
1723000	-0.46766800
1723200	-1.39623000
1723400	-0.63854700
1723600	-1.21609000
1723800	-0.75406100
1724000	-0.95056700
1724200	-0.59355900
1724400	-0.34125800
1724600	-1.16474000
1724800	-0.24989400
1725000	1.78564000
1725200	-0.86435600
1725400	-1.13113000
1725600	-0.38273800
1725800	-1.42845000
1726000	0.22799100
1726200	-1.19685000
1726400	-0.79387100
1727800	-1.06813000
1728000	-1.53273000
1728200	-0.73596400
1728600	1.09494000
1728800	-1.02569000
1729000	-0.49186000
1729200	1.04483000
1729400	-1.75169000
1729600	-2.12588000
1729800	-1.70410000
1730000	-1.47818000
1730200	1.74287000
1730400	0.39302900
1730600	-0.71117300
1730800	-1.38488000
1731000	-1.00918000
1731200	-0.94551200
1731400	-0.48360800
1731600	-0.80710500
1731800	-1.41861000
1732200	-0.88481600
1732400	0.52542900
1732600	0.63712700
1732800	1.22636000
1733000	0.67933000
1733200	-0.21170700
1733400	1.66117000
1733600	-0.61665600
1733800	-0.77442600
1734000	0.32779400
1734200	2.32996000
1734400	-0.42532400
1734600	0.06462390
1734800	2.64038000
1735000	1.12414000
1735200	-1.15636000
1735400	0.60330600
1735600	-0.35761200
1735800	-0.46698900
1736000	0.40333700
1736200	0.54035000
1736400	-0.18257100
1736600	0.06659800
1736800	0.62732000
1737000	0.27599600
1737200	0.59721600
1737400	1.80566000
1737600	0.18038400
1737800	0.93266000
1738000	0.18988300
1738200	-0.63337300
1738400	-1.38050000
1738600	-1.75642000
1738800	-1.37245000
1739000	-1.67797000
1739200	-1.66587000
1739400	-0.78341000
1739600	0.46465800
1739800	-1.34064000
1740000	-0.24069300
1740200	-0.85650000
1740400	-2.23858000
1740600	-0.58523600
1740800	0.05905380
1741000	0.54794700
1741200	-0.12931000
1741400	-0.75270500
1741600	0.38638000
1741800	-0.71641500
1742000	-1.38272000
1742200	-1.35574000
1742400	-0.66504700
1742600	-0.10349700
1742800	0.13390700
1743000	-0.48147000
1743200	-0.63500500
1743400	-1.04944000
1743600	-1.85534000
1743800	-1.80856000
1744000	-0.51697700
1744200	-0.84460900
1744400	-0.96863900
1744600	0.09922960
1744800	-1.07983000
1745000	-1.01979000
1745200	-0.51542300
1745400	-1.48003000
1745600	-1.89386000
1745800	-1.15446000
1746000	-1.31582000
1746200	-2.09047000
1746400	-0.51552100
1746600	-0.42354000
1746800	-1.52477000
1747000	-0.54973300
1747200	-0.79387100
1747400	-1.05918000
1747600	0.56328800
1747800	-1.30210000
1748000	-1.04300000
1748200	-0.92063500
1748400	-0.15394700
1748600	-1.14489000
1748800	-1.43353000
1749000	-1.66796000
1749200	-1.47760000
1749400	-1.47941000
1749600	-1.37303000
1749800	2.66835000
1750000	-0.56667600
1750200	0.29207000
1750400	0.33827100
1750600	0.98718600
1750800	-1.01071000
1751000	0.80254700
1751200	-0.52503100
1751400	-1.21322000
1751600	-0.65351100
1751800	-0.64551000
1752000	-0.96470600
1752200	-0.43516800
1752400	-0.65648000
1752600	0.78420200
1752800	0.46030300
1753000	-0.82695200
1753200	-0.40355200
1753400	-1.32994000
1753600	-1.48111000
1753800	-1.87285000
1754000	-0.04347440
1754200	-1.29514000
1754400	-0.04487860
1754600	-1.22245000
1754800	-1.61970000
1755000	-0.87373300
1755200	-0.38504200
1755400	1.73182000
1755600	2.92653000
1755800	-0.41890100
1756000	-0.45384200
1756200	-1.21940000
1756400	-0.75079300
1756600	0.82100800
1756800	0.37283400
1757000	-0.75953700
1757200	-1.54130000
1757400	-1.02048000
1757600	-0.32181800
1757800	-0.71347700
1758000	-1.77415000
1758200	-0.71122100
1758400	2.73626000
1758600	-0.32929600
1758800	-0.79066400
1759000	-0.70215900
1759200	-0.75817800
1759400	-0.59370200
1759600	0.28469200
1759800	-1.45418000
1760000	-0.50139000
1760200	-1.21232000
1760400	-1.52302000
1760600	-0.70187500
1760800	-1.34885000
1761000	-1.48443000
1761200	0.52134500
1761400	-0.51865800
1761600	1.64405000
1761800	-1.14861000
1762000	-0.84775400
1762600	-1.09050000
1762800	-0.46341000
1763000	-0.67284500
1763200	-0.33848300
1763400	0.13184700
1763600	-1.49739000
1763800	-0.50566500
1764200	-0.76260600
1764400	-1.05745000
1764600	-0.01410390
1764800	-1.32322000
1765000	-0.28121000
1765200	0.31761800
1765400	-1.23862000
1765600	-0.72300300
1765800	-0.90184400
1766000	-1.88145000
1766200	-1.45228000
1766400	-0.37528200
1766600	-1.07383000
1766800	-1.39578000
1767000	-0.73097300
1767200	-0.20926600
1767400	-0.52320900
1767600	-0.79522800
1767800	-1.48043000
1768000	-0.76463300
1768200	1.43880000
1768400	-1.21412000
1768600	-1.84935000
1768800	0.06655020
1769000	-0.40310500
1769200	3.69684000
1769400	0.24493600
1769600	2.71684000
1769800	0.12233800
1770000	-0.76350900
1770200	1.76165000
1770400	2.87805000
1770600	0.28902400
1770800	-0.97425900
1771000	-0.54893900
1771200	-0.07438760
1771400	1.83110000
1771600	1.15299000
1771800	-0.91915800
1772000	1.91930000
1772200	-0.24771400
1772400	-1.10987000
1772600	-1.19463000
1772800	-1.35638000
1773000	-0.35630000
1773200	-0.11223400
1773400	-1.84455000
1773600	-1.50971000
1773800	-0.78619100
1774000	0.25990000
1774200	1.76928000
1774400	0.46015400
1774600	-1.33637000
1774800	-0.51668900
1775000	-1.08695000
1775200	-1.17183000
1775400	-0.46470100
1775600	-0.99262800
1775800	-0.63966100
1776000	-0.90091400
1776200	-0.66258200
1776400	-1.36137000
1776600	0.73347100
1776800	-0.07303780
1777000	1.09158000
1777200	0.98512100
1777400	0.37664700
1777600	0.29418800
1777800	1.07845000
1778000	1.19667000
1778200	-1.16696000
1778400	-1.26984000
1778600	-0.02629250
1778800	-0.13260600
1779000	-1.22938000
1779200	-1.48363000
1779400	-0.77424300
1779600	-1.66492000
1779800	-1.18068000
1780000	-0.33737700
1780200	-1.39551000
1780400	0.34225300
1780600	-1.37493000
1780800	1.32727000
1781000	-0.76935700
1781200	-0.11425900
1781400	-1.24823000
1781600	0.04414170
1781800	0.51919300
1782000	0.41108100
1782200	-1.16858000
1782400	-1.42366000
1782600	-0.34256300
1782800	-0.27151200
1783000	-1.30287000
1783200	-1.22759000
1783400	-0.15273100
1783600	1.51148000
1783800	-0.24319500
1784000	2.71045000
1784200	-1.04080000
1784400	0.60238300
1784600	1.80183000
1784800	-0.42684800
1785000	-0.72590100
1785200	-1.44097000
1790600	-0.39978200
1790800	-0.95257900
1791000	-1.00563000
1791200	-0.89470700
1791400	0.06063660
1791800	-1.27781000
1792000	-0.93734800
1792200	-0.31616600
1792400	-0.87214200
1792800	0.85955300
1793000	1.92010000
1793800	2.05867000
1794000	-1.19176000
1794200	-0.70497700
1794400	-1.41285000
1794600	-1.69387000
1794800	-0.72300300
1795800	0.04338390
1796000	-1.90990000
1796200	-1.74409000
1796400	-0.95568800
1796600	-0.97474600
1796800	1.98547000
1797000	0.99524000
1797200	-1.56874000
1797400	-1.39045000
1797600	-1.05644000
1800000	-0.08922080
1800200	-1.10734000
1800400	-1.30182000
1800600	0.19655300
1800800	-0.52657200
1801000	-0.15795900
1801200	-1.50856000
1801400	0.25966000
1801600	0.05433950
1801800	-0.45448600
1802000	-1.19721000
1802200	-1.10031000
1802400	-0.36628700
1802600	0.46003800
1802800	1.71883000
1803000	-0.49333900
1803200	-0.71180300
1803400	-0.41512900
1803600	-0.34916400
1803800	-1.16351000
1804000	-1.51103000
1804200	-0.11541100
1804400	-1.52816000
1804600	0.34932800
1804800	-0.39035500
1805000	-1.05829000
1805200	-0.98056700
1805400	-0.41407000
1805600	-1.21525000
1805800	0.92927200
1806000	-0.26476200
1806600	-1.18822000
1807200	-1.13654000
1807400	-1.02317000
1807600	-0.41343600
1807800	-1.01572000
1808000	-1.73010000
1808200	-1.65352000
1808400	-0.67469000
1808800	-0.79387100
1809000	-1.23895000
1809200	-0.71050200
1809400	-0.86237300
1809600	-0.43710100
1809800	-0.77536100
1810000	-0.67827000
1810200	0.20440800
1810400	-0.90661400
1810600	1.31592000
1810800	-1.47529000
1811000	-0.68480900
1811200	-0.09744760
1811600	-0.64480900
1811800	-0.67133400
1812000	-1.26879000
1812200	-1.10060000
1812400	-1.13352000
1812600	0.18238200
1812800	-1.68154000
1813000	-1.56446000
1813200	-0.48666800
1813400	-1.07146000
1813600	0.27255900
1813800	-1.12914000
1814000	-0.39042400
1814200	-1.39447000
1814400	-0.76516800
1814600	0.14563000
1814800	-1.28468000
1815000	0.24873700
1815200	-0.24635400
1815400	0.01672370
1815600	0.05750520
1816000	0.13275400
1816200	-1.14353000
1816400	-0.10340500
1816600	-1.41280000
1816800	-1.36683000
1817200	1.09494000
1817400	-1.31522000
1817800	-1.30153000
1818000	-1.52090000
1818200	0.03465540
1822600	-1.17737000
1822800	-0.08588200
1823000	-0.98822600
1823200	-1.77351000
1823400	-1.39310000
1823600	-0.98261500
1823800	0.82897100
1824000	-0.38273000
1824200	-1.04359000
1824400	-2.07026000
1824600	-0.47167400
1824800	-1.72905000
1825200	1.06849000
1825400	-1.29062000
1825600	-0.75325700
1825800	-0.43093300
1826000	-1.24127000
1826200	-1.33577000
1826400	-1.30480000
1826600	0.10319500
1827000	-1.22922000
1827200	-1.53719000
1827400	-0.83837800
1827600	-0.97428100
1827800	-1.14941000
1828000	-1.16712000
1828200	-0.13644700
1828400	-0.82963900
1828600	0.88895200
1828800	-1.76187000
1829000	-1.28614000
1829200	0.35289600
1829400	-1.30891000
1829600	-1.31383000
1829800	-1.62775000
1830000	-1.58680000
1830200	-0.69802600
1830400	-1.33769000
1830600	-0.21324400
1830800	0.45114300
1831000	-1.48895000
1831200	-0.90184400
1831400	1.57329000
1832200	-0.76618100
1832400	-1.48934000
1832600	-0.14313700
1832800	-0.47642900
1833000	-1.61477000
1833400	1.79113000
1833600	-1.33822000
1834200	-0.60792700
1834400	-1.34319000
1834600	-1.41264000
1834800	-1.52099000
1835000	-0.79847100
1835200	-1.55304000
1835400	-1.14830000
1835600	-0.91450500
1835800	2.31290000
1836000	-1.09646000
1836200	0.80841900
1836400	-0.34916400
1836600	-1.65073000
1836800	0.74774100
1837000	-0.64881500
1837200	-0.29087200
1837400	-0.82696400
1837600	-0.36335100
1837800	0.59730100
1838000	-1.04014000
1838200	-0.88368200
1838400	-1.45512000

